subj,run,cond,repcond,vol_idx_start,vol_idx_end,num_vol,set,filename
sub-08,1,1,1,0,26,27,va,sub-08_Run-1_Cond-1_RepCond-1_Vol-0-26-27.nii.gz
sub-08,1,1,2,0,26,27,va,sub-08_Run-1_Cond-1_RepCond-2_Vol-0-26-27.nii.gz
sub-08,1,2,1,0,26,27,va,sub-08_Run-1_Cond-2_RepCond-1_Vol-0-26-27.nii.gz
sub-08,1,2,2,0,26,27,va,sub-08_Run-1_Cond-2_RepCond-2_Vol-0-26-27.nii.gz
sub-08,1,3,1,0,26,27,va,sub-08_Run-1_Cond-3_RepCond-1_Vol-0-26-27.nii.gz
sub-08,1,3,2,0,26,27,va,sub-08_Run-1_Cond-3_RepCond-2_Vol-0-26-27.nii.gz
sub-08,1,4,1,0,26,27,va,sub-08_Run-1_Cond-4_RepCond-1_Vol-0-26-27.nii.gz
sub-08,1,4,2,0,26,27,va,sub-08_Run-1_Cond-4_RepCond-2_Vol-0-26-27.nii.gz
sub-08,2,1,1,0,26,27,va,sub-08_Run-2_Cond-1_RepCond-1_Vol-0-26-27.nii.gz
sub-08,2,1,2,0,26,27,va,sub-08_Run-2_Cond-1_RepCond-2_Vol-0-26-27.nii.gz
sub-08,2,2,1,0,26,27,va,sub-08_Run-2_Cond-2_RepCond-1_Vol-0-26-27.nii.gz
sub-08,2,3,1,0,26,27,va,sub-08_Run-2_Cond-3_RepCond-1_Vol-0-26-27.nii.gz
sub-08,2,3,2,0,26,27,va,sub-08_Run-2_Cond-3_RepCond-2_Vol-0-26-27.nii.gz
sub-08,2,4,1,0,26,27,va,sub-08_Run-2_Cond-4_RepCond-1_Vol-0-26-27.nii.gz
sub-08,2,4,2,0,26,27,va,sub-08_Run-2_Cond-4_RepCond-2_Vol-0-26-27.nii.gz
sub-08,3,1,1,0,26,27,va,sub-08_Run-3_Cond-1_RepCond-1_Vol-0-26-27.nii.gz
sub-08,3,1,2,0,26,27,va,sub-08_Run-3_Cond-1_RepCond-2_Vol-0-26-27.nii.gz
sub-08,3,2,1,0,26,27,va,sub-08_Run-3_Cond-2_RepCond-1_Vol-0-26-27.nii.gz
sub-08,3,2,2,0,26,27,va,sub-08_Run-3_Cond-2_RepCond-2_Vol-0-26-27.nii.gz
sub-08,3,3,1,0,26,27,va,sub-08_Run-3_Cond-3_RepCond-1_Vol-0-26-27.nii.gz
sub-08,3,3,2,0,26,27,va,sub-08_Run-3_Cond-3_RepCond-2_Vol-0-26-27.nii.gz
sub-08,3,4,1,0,26,27,va,sub-08_Run-3_Cond-4_RepCond-1_Vol-0-26-27.nii.gz
sub-08,3,4,2,0,26,27,va,sub-08_Run-3_Cond-4_RepCond-2_Vol-0-26-27.nii.gz
sub-08,4,1,1,0,26,27,va,sub-08_Run-4_Cond-1_RepCond-1_Vol-0-26-27.nii.gz
sub-08,4,1,2,0,26,27,va,sub-08_Run-4_Cond-1_RepCond-2_Vol-0-26-27.nii.gz
sub-08,4,2,1,0,26,27,va,sub-08_Run-4_Cond-2_RepCond-1_Vol-0-26-27.nii.gz
sub-08,4,2,2,0,26,27,va,sub-08_Run-4_Cond-2_RepCond-2_Vol-0-26-27.nii.gz
sub-08,4,3,1,0,26,27,va,sub-08_Run-4_Cond-3_RepCond-1_Vol-0-26-27.nii.gz
sub-08,4,3,2,0,26,27,va,sub-08_Run-4_Cond-3_RepCond-2_Vol-0-26-27.nii.gz
sub-08,4,4,1,0,26,27,va,sub-08_Run-4_Cond-4_RepCond-1_Vol-0-26-27.nii.gz
sub-08,4,4,2,0,26,27,va,sub-08_Run-4_Cond-4_RepCond-2_Vol-0-26-27.nii.gz
sub-08,5,1,1,0,26,27,va,sub-08_Run-5_Cond-1_RepCond-1_Vol-0-26-27.nii.gz
sub-08,5,1,2,0,26,27,va,sub-08_Run-5_Cond-1_RepCond-2_Vol-0-26-27.nii.gz
sub-08,5,2,1,0,26,27,va,sub-08_Run-5_Cond-2_RepCond-1_Vol-0-26-27.nii.gz
sub-08,5,2,2,0,26,27,va,sub-08_Run-5_Cond-2_RepCond-2_Vol-0-26-27.nii.gz
sub-08,5,3,1,0,26,27,va,sub-08_Run-5_Cond-3_RepCond-1_Vol-0-26-27.nii.gz
sub-08,5,4,1,0,26,27,va,sub-08_Run-5_Cond-4_RepCond-1_Vol-0-26-27.nii.gz
sub-08,5,4,2,0,26,27,va,sub-08_Run-5_Cond-4_RepCond-2_Vol-0-26-27.nii.gz
sub-13,1,1,1,0,26,27,va,sub-13_Run-1_Cond-1_RepCond-1_Vol-0-26-27.nii.gz
sub-13,1,1,2,0,26,27,va,sub-13_Run-1_Cond-1_RepCond-2_Vol-0-26-27.nii.gz
sub-13,1,2,1,0,26,27,va,sub-13_Run-1_Cond-2_RepCond-1_Vol-0-26-27.nii.gz
sub-13,1,2,2,0,26,27,va,sub-13_Run-1_Cond-2_RepCond-2_Vol-0-26-27.nii.gz
sub-13,1,3,1,0,26,27,va,sub-13_Run-1_Cond-3_RepCond-1_Vol-0-26-27.nii.gz
sub-13,1,3,2,0,26,27,va,sub-13_Run-1_Cond-3_RepCond-2_Vol-0-26-27.nii.gz
sub-13,1,4,1,0,26,27,va,sub-13_Run-1_Cond-4_RepCond-1_Vol-0-26-27.nii.gz
sub-13,1,4,2,0,26,27,va,sub-13_Run-1_Cond-4_RepCond-2_Vol-0-26-27.nii.gz
sub-13,2,1,1,0,26,27,va,sub-13_Run-2_Cond-1_RepCond-1_Vol-0-26-27.nii.gz
sub-13,2,1,2,0,26,27,va,sub-13_Run-2_Cond-1_RepCond-2_Vol-0-26-27.nii.gz
sub-13,2,2,1,0,26,27,va,sub-13_Run-2_Cond-2_RepCond-1_Vol-0-26-27.nii.gz
sub-13,2,3,1,0,26,27,va,sub-13_Run-2_Cond-3_RepCond-1_Vol-0-26-27.nii.gz
sub-13,2,3,2,0,26,27,va,sub-13_Run-2_Cond-3_RepCond-2_Vol-0-26-27.nii.gz
sub-13,2,4,1,0,26,27,va,sub-13_Run-2_Cond-4_RepCond-1_Vol-0-26-27.nii.gz
sub-13,2,4,2,0,26,27,va,sub-13_Run-2_Cond-4_RepCond-2_Vol-0-26-27.nii.gz
sub-13,3,1,1,0,26,27,va,sub-13_Run-3_Cond-1_RepCond-1_Vol-0-26-27.nii.gz
sub-13,3,1,2,0,26,27,va,sub-13_Run-3_Cond-1_RepCond-2_Vol-0-26-27.nii.gz
sub-13,3,2,1,0,26,27,va,sub-13_Run-3_Cond-2_RepCond-1_Vol-0-26-27.nii.gz
sub-13,3,2,2,0,26,27,va,sub-13_Run-3_Cond-2_RepCond-2_Vol-0-26-27.nii.gz
sub-13,3,3,1,0,26,27,va,sub-13_Run-3_Cond-3_RepCond-1_Vol-0-26-27.nii.gz
sub-13,3,3,2,0,26,27,va,sub-13_Run-3_Cond-3_RepCond-2_Vol-0-26-27.nii.gz
sub-13,3,4,1,0,26,27,va,sub-13_Run-3_Cond-4_RepCond-1_Vol-0-26-27.nii.gz
sub-13,3,4,2,0,26,27,va,sub-13_Run-3_Cond-4_RepCond-2_Vol-0-26-27.nii.gz
sub-13,4,1,1,0,26,27,va,sub-13_Run-4_Cond-1_RepCond-1_Vol-0-26-27.nii.gz
sub-13,4,1,2,0,26,27,va,sub-13_Run-4_Cond-1_RepCond-2_Vol-0-26-27.nii.gz
sub-13,4,2,1,0,26,27,va,sub-13_Run-4_Cond-2_RepCond-1_Vol-0-26-27.nii.gz
sub-13,4,2,2,0,26,27,va,sub-13_Run-4_Cond-2_RepCond-2_Vol-0-26-27.nii.gz
sub-13,4,3,1,0,26,27,va,sub-13_Run-4_Cond-3_RepCond-1_Vol-0-26-27.nii.gz
sub-13,4,3,2,0,26,27,va,sub-13_Run-4_Cond-3_RepCond-2_Vol-0-26-27.nii.gz
sub-13,4,4,1,0,26,27,va,sub-13_Run-4_Cond-4_RepCond-1_Vol-0-26-27.nii.gz
sub-13,4,4,2,0,26,27,va,sub-13_Run-4_Cond-4_RepCond-2_Vol-0-26-27.nii.gz
sub-13,5,1,1,0,26,27,va,sub-13_Run-5_Cond-1_RepCond-1_Vol-0-26-27.nii.gz
sub-13,5,1,2,0,26,27,va,sub-13_Run-5_Cond-1_RepCond-2_Vol-0-26-27.nii.gz
sub-13,5,2,1,0,26,27,va,sub-13_Run-5_Cond-2_RepCond-1_Vol-0-26-27.nii.gz
sub-13,5,2,2,0,26,27,va,sub-13_Run-5_Cond-2_RepCond-2_Vol-0-26-27.nii.gz
sub-13,5,3,1,0,26,27,va,sub-13_Run-5_Cond-3_RepCond-1_Vol-0-26-27.nii.gz
sub-13,5,3,2,0,26,27,va,sub-13_Run-5_Cond-3_RepCond-2_Vol-0-26-27.nii.gz
sub-13,5,4,1,0,26,27,va,sub-13_Run-5_Cond-4_RepCond-1_Vol-0-26-27.nii.gz
sub-13,5,4,2,0,26,27,va,sub-13_Run-5_Cond-4_RepCond-2_Vol-0-26-27.nii.gz
sub-25,1,1,1,1,27,27,va,sub-25_Run-1_Cond-1_RepCond-1_Vol-1-27-27.nii.gz
sub-25,1,1,2,0,26,27,va,sub-25_Run-1_Cond-1_RepCond-2_Vol-0-26-27.nii.gz
sub-25,1,2,1,4,30,27,va,sub-25_Run-1_Cond-2_RepCond-1_Vol-4-30-27.nii.gz
sub-25,1,2,2,4,30,27,va,sub-25_Run-1_Cond-2_RepCond-2_Vol-4-30-27.nii.gz
sub-25,1,3,1,3,29,27,va,sub-25_Run-1_Cond-3_RepCond-1_Vol-3-29-27.nii.gz
sub-25,1,3,2,0,26,27,va,sub-25_Run-1_Cond-3_RepCond-2_Vol-0-26-27.nii.gz
sub-25,1,4,1,3,29,27,va,sub-25_Run-1_Cond-4_RepCond-1_Vol-3-29-27.nii.gz
sub-25,1,4,2,0,26,27,va,sub-25_Run-1_Cond-4_RepCond-2_Vol-0-26-27.nii.gz
sub-25,2,1,1,4,30,27,va,sub-25_Run-2_Cond-1_RepCond-1_Vol-4-30-27.nii.gz
sub-25,2,2,1,1,27,27,va,sub-25_Run-2_Cond-2_RepCond-1_Vol-1-27-27.nii.gz
sub-25,2,2,2,0,26,27,va,sub-25_Run-2_Cond-2_RepCond-2_Vol-0-26-27.nii.gz
sub-25,2,3,1,3,29,27,va,sub-25_Run-2_Cond-3_RepCond-1_Vol-3-29-27.nii.gz
sub-25,2,3,2,0,26,27,va,sub-25_Run-2_Cond-3_RepCond-2_Vol-0-26-27.nii.gz
sub-25,2,4,1,4,30,27,va,sub-25_Run-2_Cond-4_RepCond-1_Vol-4-30-27.nii.gz
sub-25,2,4,2,2,28,27,va,sub-25_Run-2_Cond-4_RepCond-2_Vol-2-28-27.nii.gz
sub-25,3,1,1,3,29,27,va,sub-25_Run-3_Cond-1_RepCond-1_Vol-3-29-27.nii.gz
sub-25,3,1,2,2,28,27,va,sub-25_Run-3_Cond-1_RepCond-2_Vol-2-28-27.nii.gz
sub-25,3,2,1,2,28,27,va,sub-25_Run-3_Cond-2_RepCond-1_Vol-2-28-27.nii.gz
sub-25,3,2,2,4,30,27,va,sub-25_Run-3_Cond-2_RepCond-2_Vol-4-30-27.nii.gz
sub-25,3,3,1,0,26,27,va,sub-25_Run-3_Cond-3_RepCond-1_Vol-0-26-27.nii.gz
sub-25,3,3,2,0,26,27,va,sub-25_Run-3_Cond-3_RepCond-2_Vol-0-26-27.nii.gz
sub-25,3,4,1,0,26,27,va,sub-25_Run-3_Cond-4_RepCond-1_Vol-0-26-27.nii.gz
sub-25,3,4,2,0,26,27,va,sub-25_Run-3_Cond-4_RepCond-2_Vol-0-26-27.nii.gz
sub-25,4,1,1,4,30,27,va,sub-25_Run-4_Cond-1_RepCond-1_Vol-4-30-27.nii.gz
sub-25,4,1,2,0,26,27,va,sub-25_Run-4_Cond-1_RepCond-2_Vol-0-26-27.nii.gz
sub-25,4,2,1,2,28,27,va,sub-25_Run-4_Cond-2_RepCond-1_Vol-2-28-27.nii.gz
sub-25,4,2,2,4,30,27,va,sub-25_Run-4_Cond-2_RepCond-2_Vol-4-30-27.nii.gz
sub-25,4,3,1,0,26,27,va,sub-25_Run-4_Cond-3_RepCond-1_Vol-0-26-27.nii.gz
sub-25,4,3,2,0,26,27,va,sub-25_Run-4_Cond-3_RepCond-2_Vol-0-26-27.nii.gz
sub-25,4,4,1,1,27,27,va,sub-25_Run-4_Cond-4_RepCond-1_Vol-1-27-27.nii.gz
sub-25,5,1,1,1,27,27,va,sub-25_Run-5_Cond-1_RepCond-1_Vol-1-27-27.nii.gz
sub-25,5,1,2,2,28,27,va,sub-25_Run-5_Cond-1_RepCond-2_Vol-2-28-27.nii.gz
sub-25,5,2,1,0,26,27,va,sub-25_Run-5_Cond-2_RepCond-1_Vol-0-26-27.nii.gz
sub-25,5,2,2,1,27,27,va,sub-25_Run-5_Cond-2_RepCond-2_Vol-1-27-27.nii.gz
sub-25,5,3,1,2,28,27,va,sub-25_Run-5_Cond-3_RepCond-1_Vol-2-28-27.nii.gz
sub-25,5,3,2,3,29,27,va,sub-25_Run-5_Cond-3_RepCond-2_Vol-3-29-27.nii.gz
sub-25,5,4,1,2,28,27,va,sub-25_Run-5_Cond-4_RepCond-1_Vol-2-28-27.nii.gz
sub-01,1,1,1,0,26,27,te,sub-01_Run-1_Cond-1_RepCond-1_Vol-0-26-27.nii.gz
sub-01,1,1,2,0,26,27,te,sub-01_Run-1_Cond-1_RepCond-2_Vol-0-26-27.nii.gz
sub-01,1,2,1,0,26,27,te,sub-01_Run-1_Cond-2_RepCond-1_Vol-0-26-27.nii.gz
sub-01,1,3,1,0,26,27,te,sub-01_Run-1_Cond-3_RepCond-1_Vol-0-26-27.nii.gz
sub-01,1,3,2,0,26,27,te,sub-01_Run-1_Cond-3_RepCond-2_Vol-0-26-27.nii.gz
sub-01,1,4,1,0,26,27,te,sub-01_Run-1_Cond-4_RepCond-1_Vol-0-26-27.nii.gz
sub-01,1,4,2,0,26,27,te,sub-01_Run-1_Cond-4_RepCond-2_Vol-0-26-27.nii.gz
sub-01,2,1,1,0,26,27,te,sub-01_Run-2_Cond-1_RepCond-1_Vol-0-26-27.nii.gz
sub-01,2,1,2,0,26,27,te,sub-01_Run-2_Cond-1_RepCond-2_Vol-0-26-27.nii.gz
sub-01,2,2,1,0,26,27,te,sub-01_Run-2_Cond-2_RepCond-1_Vol-0-26-27.nii.gz
sub-01,2,3,1,0,26,27,te,sub-01_Run-2_Cond-3_RepCond-1_Vol-0-26-27.nii.gz
sub-01,2,3,2,0,26,27,te,sub-01_Run-2_Cond-3_RepCond-2_Vol-0-26-27.nii.gz
sub-01,2,4,1,0,26,27,te,sub-01_Run-2_Cond-4_RepCond-1_Vol-0-26-27.nii.gz
sub-01,2,4,2,0,26,27,te,sub-01_Run-2_Cond-4_RepCond-2_Vol-0-26-27.nii.gz
sub-01,3,1,1,0,26,27,te,sub-01_Run-3_Cond-1_RepCond-1_Vol-0-26-27.nii.gz
sub-01,3,1,2,0,26,27,te,sub-01_Run-3_Cond-1_RepCond-2_Vol-0-26-27.nii.gz
sub-01,3,2,1,0,26,27,te,sub-01_Run-3_Cond-2_RepCond-1_Vol-0-26-27.nii.gz
sub-01,3,2,2,0,26,27,te,sub-01_Run-3_Cond-2_RepCond-2_Vol-0-26-27.nii.gz
sub-01,3,3,1,0,26,27,te,sub-01_Run-3_Cond-3_RepCond-1_Vol-0-26-27.nii.gz
sub-01,3,4,1,0,26,27,te,sub-01_Run-3_Cond-4_RepCond-1_Vol-0-26-27.nii.gz
sub-01,3,4,2,0,26,27,te,sub-01_Run-3_Cond-4_RepCond-2_Vol-0-26-27.nii.gz
sub-01,4,1,1,0,26,27,te,sub-01_Run-4_Cond-1_RepCond-1_Vol-0-26-27.nii.gz
sub-01,4,1,2,0,26,27,te,sub-01_Run-4_Cond-1_RepCond-2_Vol-0-26-27.nii.gz
sub-01,4,2,1,0,26,27,te,sub-01_Run-4_Cond-2_RepCond-1_Vol-0-26-27.nii.gz
sub-01,4,2,2,0,26,27,te,sub-01_Run-4_Cond-2_RepCond-2_Vol-0-26-27.nii.gz
sub-01,4,3,1,0,26,27,te,sub-01_Run-4_Cond-3_RepCond-1_Vol-0-26-27.nii.gz
sub-01,4,3,2,0,26,27,te,sub-01_Run-4_Cond-3_RepCond-2_Vol-0-26-27.nii.gz
sub-01,4,4,1,0,26,27,te,sub-01_Run-4_Cond-4_RepCond-1_Vol-0-26-27.nii.gz
sub-01,5,1,1,0,26,27,te,sub-01_Run-5_Cond-1_RepCond-1_Vol-0-26-27.nii.gz
sub-01,5,2,1,0,26,27,te,sub-01_Run-5_Cond-2_RepCond-1_Vol-0-26-27.nii.gz
sub-01,5,2,2,0,26,27,te,sub-01_Run-5_Cond-2_RepCond-2_Vol-0-26-27.nii.gz
sub-01,5,3,1,0,26,27,te,sub-01_Run-5_Cond-3_RepCond-1_Vol-0-26-27.nii.gz
sub-01,5,3,2,0,26,27,te,sub-01_Run-5_Cond-3_RepCond-2_Vol-0-26-27.nii.gz
sub-01,5,4,1,0,26,27,te,sub-01_Run-5_Cond-4_RepCond-1_Vol-0-26-27.nii.gz
sub-01,5,4,2,0,26,27,te,sub-01_Run-5_Cond-4_RepCond-2_Vol-0-26-27.nii.gz
sub-01,6,1,1,0,26,27,te,sub-01_Run-6_Cond-1_RepCond-1_Vol-0-26-27.nii.gz
sub-01,6,1,2,0,26,27,te,sub-01_Run-6_Cond-1_RepCond-2_Vol-0-26-27.nii.gz
sub-01,6,2,1,0,26,27,te,sub-01_Run-6_Cond-2_RepCond-1_Vol-0-26-27.nii.gz
sub-01,6,2,2,0,26,27,te,sub-01_Run-6_Cond-2_RepCond-2_Vol-0-26-27.nii.gz
sub-01,6,3,1,0,26,27,te,sub-01_Run-6_Cond-3_RepCond-1_Vol-0-26-27.nii.gz
sub-01,6,4,1,0,26,27,te,sub-01_Run-6_Cond-4_RepCond-1_Vol-0-26-27.nii.gz
sub-01,6,4,2,0,26,27,te,sub-01_Run-6_Cond-4_RepCond-2_Vol-0-26-27.nii.gz
sub-03,1,1,1,0,26,27,te,sub-03_Run-1_Cond-1_RepCond-1_Vol-0-26-27.nii.gz
sub-03,1,1,2,0,26,27,te,sub-03_Run-1_Cond-1_RepCond-2_Vol-0-26-27.nii.gz
sub-03,1,2,1,0,26,27,te,sub-03_Run-1_Cond-2_RepCond-1_Vol-0-26-27.nii.gz
sub-03,1,2,2,0,26,27,te,sub-03_Run-1_Cond-2_RepCond-2_Vol-0-26-27.nii.gz
sub-03,1,3,1,0,26,27,te,sub-03_Run-1_Cond-3_RepCond-1_Vol-0-26-27.nii.gz
sub-03,1,3,2,0,26,27,te,sub-03_Run-1_Cond-3_RepCond-2_Vol-0-26-27.nii.gz
sub-03,1,4,1,0,26,27,te,sub-03_Run-1_Cond-4_RepCond-1_Vol-0-26-27.nii.gz
sub-03,1,4,2,0,26,27,te,sub-03_Run-1_Cond-4_RepCond-2_Vol-0-26-27.nii.gz
sub-03,2,1,1,0,26,27,te,sub-03_Run-2_Cond-1_RepCond-1_Vol-0-26-27.nii.gz
sub-03,2,1,2,0,26,27,te,sub-03_Run-2_Cond-1_RepCond-2_Vol-0-26-27.nii.gz
sub-03,2,2,1,0,26,27,te,sub-03_Run-2_Cond-2_RepCond-1_Vol-0-26-27.nii.gz
sub-03,2,2,2,0,26,27,te,sub-03_Run-2_Cond-2_RepCond-2_Vol-0-26-27.nii.gz
sub-03,2,3,1,0,26,27,te,sub-03_Run-2_Cond-3_RepCond-1_Vol-0-26-27.nii.gz
sub-03,2,3,2,0,26,27,te,sub-03_Run-2_Cond-3_RepCond-2_Vol-0-26-27.nii.gz
sub-03,2,4,1,0,26,27,te,sub-03_Run-2_Cond-4_RepCond-1_Vol-0-26-27.nii.gz
sub-03,2,4,2,0,26,27,te,sub-03_Run-2_Cond-4_RepCond-2_Vol-0-26-27.nii.gz
sub-03,3,1,1,0,26,27,te,sub-03_Run-3_Cond-1_RepCond-1_Vol-0-26-27.nii.gz
sub-03,3,1,2,0,26,27,te,sub-03_Run-3_Cond-1_RepCond-2_Vol-0-26-27.nii.gz
sub-03,3,2,1,0,26,27,te,sub-03_Run-3_Cond-2_RepCond-1_Vol-0-26-27.nii.gz
sub-03,3,2,2,0,26,27,te,sub-03_Run-3_Cond-2_RepCond-2_Vol-0-26-27.nii.gz
sub-03,3,3,1,0,26,27,te,sub-03_Run-3_Cond-3_RepCond-1_Vol-0-26-27.nii.gz
sub-03,3,3,2,0,26,27,te,sub-03_Run-3_Cond-3_RepCond-2_Vol-0-26-27.nii.gz
sub-03,3,4,1,0,26,27,te,sub-03_Run-3_Cond-4_RepCond-1_Vol-0-26-27.nii.gz
sub-03,3,4,2,0,26,27,te,sub-03_Run-3_Cond-4_RepCond-2_Vol-0-26-27.nii.gz
sub-03,4,1,1,0,26,27,te,sub-03_Run-4_Cond-1_RepCond-1_Vol-0-26-27.nii.gz
sub-03,4,1,2,0,26,27,te,sub-03_Run-4_Cond-1_RepCond-2_Vol-0-26-27.nii.gz
sub-03,4,2,1,0,26,27,te,sub-03_Run-4_Cond-2_RepCond-1_Vol-0-26-27.nii.gz
sub-03,4,2,2,0,26,27,te,sub-03_Run-4_Cond-2_RepCond-2_Vol-0-26-27.nii.gz
sub-03,4,3,1,0,26,27,te,sub-03_Run-4_Cond-3_RepCond-1_Vol-0-26-27.nii.gz
sub-03,4,3,2,0,26,27,te,sub-03_Run-4_Cond-3_RepCond-2_Vol-0-26-27.nii.gz
sub-03,4,4,1,0,26,27,te,sub-03_Run-4_Cond-4_RepCond-1_Vol-0-26-27.nii.gz
sub-03,4,4,2,0,26,27,te,sub-03_Run-4_Cond-4_RepCond-2_Vol-0-26-27.nii.gz
sub-03,5,1,1,0,26,27,te,sub-03_Run-5_Cond-1_RepCond-1_Vol-0-26-27.nii.gz
sub-03,5,1,2,0,26,27,te,sub-03_Run-5_Cond-1_RepCond-2_Vol-0-26-27.nii.gz
sub-03,5,2,1,0,26,27,te,sub-03_Run-5_Cond-2_RepCond-1_Vol-0-26-27.nii.gz
sub-03,5,2,2,0,26,27,te,sub-03_Run-5_Cond-2_RepCond-2_Vol-0-26-27.nii.gz
sub-03,5,3,1,0,26,27,te,sub-03_Run-5_Cond-3_RepCond-1_Vol-0-26-27.nii.gz
sub-03,5,3,2,0,26,27,te,sub-03_Run-5_Cond-3_RepCond-2_Vol-0-26-27.nii.gz
sub-03,5,4,1,0,26,27,te,sub-03_Run-5_Cond-4_RepCond-1_Vol-0-26-27.nii.gz
sub-03,5,4,2,0,26,27,te,sub-03_Run-5_Cond-4_RepCond-2_Vol-0-26-27.nii.gz
sub-03,6,1,1,0,26,27,te,sub-03_Run-6_Cond-1_RepCond-1_Vol-0-26-27.nii.gz
sub-03,6,1,2,0,26,27,te,sub-03_Run-6_Cond-1_RepCond-2_Vol-0-26-27.nii.gz
sub-03,6,2,1,0,26,27,te,sub-03_Run-6_Cond-2_RepCond-1_Vol-0-26-27.nii.gz
sub-03,6,2,2,0,26,27,te,sub-03_Run-6_Cond-2_RepCond-2_Vol-0-26-27.nii.gz
sub-03,6,3,1,0,26,27,te,sub-03_Run-6_Cond-3_RepCond-1_Vol-0-26-27.nii.gz
sub-03,6,3,2,0,26,27,te,sub-03_Run-6_Cond-3_RepCond-2_Vol-0-26-27.nii.gz
sub-03,6,4,1,0,26,27,te,sub-03_Run-6_Cond-4_RepCond-1_Vol-0-26-27.nii.gz
sub-03,6,4,2,0,26,27,te,sub-03_Run-6_Cond-4_RepCond-2_Vol-0-26-27.nii.gz
sub-06,1,1,1,0,26,27,te,sub-06_Run-1_Cond-1_RepCond-1_Vol-0-26-27.nii.gz
sub-06,1,1,2,0,26,27,te,sub-06_Run-1_Cond-1_RepCond-2_Vol-0-26-27.nii.gz
sub-06,1,2,1,0,26,27,te,sub-06_Run-1_Cond-2_RepCond-1_Vol-0-26-27.nii.gz
sub-06,1,2,2,0,26,27,te,sub-06_Run-1_Cond-2_RepCond-2_Vol-0-26-27.nii.gz
sub-06,1,3,1,0,26,27,te,sub-06_Run-1_Cond-3_RepCond-1_Vol-0-26-27.nii.gz
sub-06,1,3,2,0,26,27,te,sub-06_Run-1_Cond-3_RepCond-2_Vol-0-26-27.nii.gz
sub-06,1,4,1,0,26,27,te,sub-06_Run-1_Cond-4_RepCond-1_Vol-0-26-27.nii.gz
sub-06,1,4,2,0,26,27,te,sub-06_Run-1_Cond-4_RepCond-2_Vol-0-26-27.nii.gz
sub-06,2,1,1,0,26,27,te,sub-06_Run-2_Cond-1_RepCond-1_Vol-0-26-27.nii.gz
sub-06,2,2,1,0,26,27,te,sub-06_Run-2_Cond-2_RepCond-1_Vol-0-26-27.nii.gz
sub-06,2,2,2,0,26,27,te,sub-06_Run-2_Cond-2_RepCond-2_Vol-0-26-27.nii.gz
sub-06,2,3,1,0,26,27,te,sub-06_Run-2_Cond-3_RepCond-1_Vol-0-26-27.nii.gz
sub-06,2,3,2,0,26,27,te,sub-06_Run-2_Cond-3_RepCond-2_Vol-0-26-27.nii.gz
sub-06,2,4,1,0,26,27,te,sub-06_Run-2_Cond-4_RepCond-1_Vol-0-26-27.nii.gz
sub-06,2,4,2,0,26,27,te,sub-06_Run-2_Cond-4_RepCond-2_Vol-0-26-27.nii.gz
sub-06,3,1,1,0,26,27,te,sub-06_Run-3_Cond-1_RepCond-1_Vol-0-26-27.nii.gz
sub-06,3,1,2,0,26,27,te,sub-06_Run-3_Cond-1_RepCond-2_Vol-0-26-27.nii.gz
sub-06,3,2,1,0,26,27,te,sub-06_Run-3_Cond-2_RepCond-1_Vol-0-26-27.nii.gz
sub-06,3,2,2,0,26,27,te,sub-06_Run-3_Cond-2_RepCond-2_Vol-0-26-27.nii.gz
sub-06,3,3,1,0,26,27,te,sub-06_Run-3_Cond-3_RepCond-1_Vol-0-26-27.nii.gz
sub-06,3,3,2,0,26,27,te,sub-06_Run-3_Cond-3_RepCond-2_Vol-0-26-27.nii.gz
sub-06,3,4,1,0,26,27,te,sub-06_Run-3_Cond-4_RepCond-1_Vol-0-26-27.nii.gz
sub-06,3,4,2,0,26,27,te,sub-06_Run-3_Cond-4_RepCond-2_Vol-0-26-27.nii.gz
sub-06,4,1,1,0,26,27,te,sub-06_Run-4_Cond-1_RepCond-1_Vol-0-26-27.nii.gz
sub-06,4,1,2,0,26,27,te,sub-06_Run-4_Cond-1_RepCond-2_Vol-0-26-27.nii.gz
sub-06,4,2,1,0,26,27,te,sub-06_Run-4_Cond-2_RepCond-1_Vol-0-26-27.nii.gz
sub-06,4,2,2,0,26,27,te,sub-06_Run-4_Cond-2_RepCond-2_Vol-0-26-27.nii.gz
sub-06,4,3,1,0,26,27,te,sub-06_Run-4_Cond-3_RepCond-1_Vol-0-26-27.nii.gz
sub-06,4,3,2,0,26,27,te,sub-06_Run-4_Cond-3_RepCond-2_Vol-0-26-27.nii.gz
sub-06,4,4,1,0,26,27,te,sub-06_Run-4_Cond-4_RepCond-1_Vol-0-26-27.nii.gz
sub-06,4,4,2,0,26,27,te,sub-06_Run-4_Cond-4_RepCond-2_Vol-0-26-27.nii.gz
sub-06,5,1,1,0,26,27,te,sub-06_Run-5_Cond-1_RepCond-1_Vol-0-26-27.nii.gz
sub-06,5,1,2,0,26,27,te,sub-06_Run-5_Cond-1_RepCond-2_Vol-0-26-27.nii.gz
sub-06,5,2,1,0,26,27,te,sub-06_Run-5_Cond-2_RepCond-1_Vol-0-26-27.nii.gz
sub-06,5,3,1,0,26,27,te,sub-06_Run-5_Cond-3_RepCond-1_Vol-0-26-27.nii.gz
sub-06,5,3,2,0,26,27,te,sub-06_Run-5_Cond-3_RepCond-2_Vol-0-26-27.nii.gz
sub-06,5,4,1,0,26,27,te,sub-06_Run-5_Cond-4_RepCond-1_Vol-0-26-27.nii.gz
sub-06,5,4,2,0,26,27,te,sub-06_Run-5_Cond-4_RepCond-2_Vol-0-26-27.nii.gz
sub-17,1,1,1,0,26,27,te,sub-17_Run-1_Cond-1_RepCond-1_Vol-0-26-27.nii.gz
sub-17,1,1,2,0,26,27,te,sub-17_Run-1_Cond-1_RepCond-2_Vol-0-26-27.nii.gz
sub-17,1,2,1,0,26,27,te,sub-17_Run-1_Cond-2_RepCond-1_Vol-0-26-27.nii.gz
sub-17,1,2,2,0,26,27,te,sub-17_Run-1_Cond-2_RepCond-2_Vol-0-26-27.nii.gz
sub-17,1,3,1,0,26,27,te,sub-17_Run-1_Cond-3_RepCond-1_Vol-0-26-27.nii.gz
sub-17,1,3,2,0,26,27,te,sub-17_Run-1_Cond-3_RepCond-2_Vol-0-26-27.nii.gz
sub-17,1,4,1,0,26,27,te,sub-17_Run-1_Cond-4_RepCond-1_Vol-0-26-27.nii.gz
sub-17,1,4,2,0,26,27,te,sub-17_Run-1_Cond-4_RepCond-2_Vol-0-26-27.nii.gz
sub-17,2,1,1,0,26,27,te,sub-17_Run-2_Cond-1_RepCond-1_Vol-0-26-27.nii.gz
sub-17,2,1,2,0,26,27,te,sub-17_Run-2_Cond-1_RepCond-2_Vol-0-26-27.nii.gz
sub-17,2,2,1,0,26,27,te,sub-17_Run-2_Cond-2_RepCond-1_Vol-0-26-27.nii.gz
sub-17,2,2,2,0,26,27,te,sub-17_Run-2_Cond-2_RepCond-2_Vol-0-26-27.nii.gz
sub-17,2,3,1,0,26,27,te,sub-17_Run-2_Cond-3_RepCond-1_Vol-0-26-27.nii.gz
sub-17,2,3,2,0,26,27,te,sub-17_Run-2_Cond-3_RepCond-2_Vol-0-26-27.nii.gz
sub-17,2,4,1,0,26,27,te,sub-17_Run-2_Cond-4_RepCond-1_Vol-0-26-27.nii.gz
sub-17,2,4,2,0,26,27,te,sub-17_Run-2_Cond-4_RepCond-2_Vol-0-26-27.nii.gz
sub-17,3,1,1,0,26,27,te,sub-17_Run-3_Cond-1_RepCond-1_Vol-0-26-27.nii.gz
sub-17,3,1,2,0,26,27,te,sub-17_Run-3_Cond-1_RepCond-2_Vol-0-26-27.nii.gz
sub-17,3,2,1,0,26,27,te,sub-17_Run-3_Cond-2_RepCond-1_Vol-0-26-27.nii.gz
sub-17,3,2,2,0,26,27,te,sub-17_Run-3_Cond-2_RepCond-2_Vol-0-26-27.nii.gz
sub-17,3,3,1,0,26,27,te,sub-17_Run-3_Cond-3_RepCond-1_Vol-0-26-27.nii.gz
sub-17,3,3,2,0,26,27,te,sub-17_Run-3_Cond-3_RepCond-2_Vol-0-26-27.nii.gz
sub-17,3,4,1,0,26,27,te,sub-17_Run-3_Cond-4_RepCond-1_Vol-0-26-27.nii.gz
sub-17,3,4,2,0,26,27,te,sub-17_Run-3_Cond-4_RepCond-2_Vol-0-26-27.nii.gz
sub-17,4,1,1,0,26,27,te,sub-17_Run-4_Cond-1_RepCond-1_Vol-0-26-27.nii.gz
sub-17,4,1,2,0,26,27,te,sub-17_Run-4_Cond-1_RepCond-2_Vol-0-26-27.nii.gz
sub-17,4,2,1,0,26,27,te,sub-17_Run-4_Cond-2_RepCond-1_Vol-0-26-27.nii.gz
sub-17,4,2,2,0,26,27,te,sub-17_Run-4_Cond-2_RepCond-2_Vol-0-26-27.nii.gz
sub-17,4,3,1,0,26,27,te,sub-17_Run-4_Cond-3_RepCond-1_Vol-0-26-27.nii.gz
sub-17,4,3,2,0,26,27,te,sub-17_Run-4_Cond-3_RepCond-2_Vol-0-26-27.nii.gz
sub-17,4,4,1,0,26,27,te,sub-17_Run-4_Cond-4_RepCond-1_Vol-0-26-27.nii.gz
sub-17,4,4,2,0,26,27,te,sub-17_Run-4_Cond-4_RepCond-2_Vol-0-26-27.nii.gz
sub-17,5,1,1,0,26,27,te,sub-17_Run-5_Cond-1_RepCond-1_Vol-0-26-27.nii.gz
sub-17,5,1,2,0,26,27,te,sub-17_Run-5_Cond-1_RepCond-2_Vol-0-26-27.nii.gz
sub-17,5,2,1,0,26,27,te,sub-17_Run-5_Cond-2_RepCond-1_Vol-0-26-27.nii.gz
sub-17,5,2,2,0,26,27,te,sub-17_Run-5_Cond-2_RepCond-2_Vol-0-26-27.nii.gz
sub-17,5,3,1,0,26,27,te,sub-17_Run-5_Cond-3_RepCond-1_Vol-0-26-27.nii.gz
sub-17,5,3,2,0,26,27,te,sub-17_Run-5_Cond-3_RepCond-2_Vol-0-26-27.nii.gz
sub-17,5,4,1,0,26,27,te,sub-17_Run-5_Cond-4_RepCond-1_Vol-0-26-27.nii.gz
sub-17,5,4,2,0,26,27,te,sub-17_Run-5_Cond-4_RepCond-2_Vol-0-26-27.nii.gz
sub-22,1,1,1,0,26,27,te,sub-22_Run-1_Cond-1_RepCond-1_Vol-0-26-27.nii.gz
sub-22,1,1,2,0,26,27,te,sub-22_Run-1_Cond-1_RepCond-2_Vol-0-26-27.nii.gz
sub-22,1,2,1,0,26,27,te,sub-22_Run-1_Cond-2_RepCond-1_Vol-0-26-27.nii.gz
sub-22,1,3,1,0,26,27,te,sub-22_Run-1_Cond-3_RepCond-1_Vol-0-26-27.nii.gz
sub-22,1,3,2,0,26,27,te,sub-22_Run-1_Cond-3_RepCond-2_Vol-0-26-27.nii.gz
sub-22,1,4,1,0,26,27,te,sub-22_Run-1_Cond-4_RepCond-1_Vol-0-26-27.nii.gz
sub-22,1,4,2,0,26,27,te,sub-22_Run-1_Cond-4_RepCond-2_Vol-0-26-27.nii.gz
sub-22,2,1,1,0,26,27,te,sub-22_Run-2_Cond-1_RepCond-1_Vol-0-26-27.nii.gz
sub-22,2,1,2,0,26,27,te,sub-22_Run-2_Cond-1_RepCond-2_Vol-0-26-27.nii.gz
sub-22,2,2,1,0,26,27,te,sub-22_Run-2_Cond-2_RepCond-1_Vol-0-26-27.nii.gz
sub-22,2,3,1,0,26,27,te,sub-22_Run-2_Cond-3_RepCond-1_Vol-0-26-27.nii.gz
sub-22,2,3,2,0,26,27,te,sub-22_Run-2_Cond-3_RepCond-2_Vol-0-26-27.nii.gz
sub-22,2,4,1,0,26,27,te,sub-22_Run-2_Cond-4_RepCond-1_Vol-0-26-27.nii.gz
sub-22,2,4,2,0,26,27,te,sub-22_Run-2_Cond-4_RepCond-2_Vol-0-26-27.nii.gz
sub-22,3,1,1,0,26,27,te,sub-22_Run-3_Cond-1_RepCond-1_Vol-0-26-27.nii.gz
sub-22,3,1,2,0,26,27,te,sub-22_Run-3_Cond-1_RepCond-2_Vol-0-26-27.nii.gz
sub-22,3,2,1,0,26,27,te,sub-22_Run-3_Cond-2_RepCond-1_Vol-0-26-27.nii.gz
sub-22,3,2,2,0,26,27,te,sub-22_Run-3_Cond-2_RepCond-2_Vol-0-26-27.nii.gz
sub-22,3,3,1,0,26,27,te,sub-22_Run-3_Cond-3_RepCond-1_Vol-0-26-27.nii.gz
sub-22,3,3,2,0,26,27,te,sub-22_Run-3_Cond-3_RepCond-2_Vol-0-26-27.nii.gz
sub-22,3,4,1,0,26,27,te,sub-22_Run-3_Cond-4_RepCond-1_Vol-0-26-27.nii.gz
sub-22,4,1,1,0,26,27,te,sub-22_Run-4_Cond-1_RepCond-1_Vol-0-26-27.nii.gz
sub-22,4,2,1,0,26,27,te,sub-22_Run-4_Cond-2_RepCond-1_Vol-0-26-27.nii.gz
sub-22,4,2,2,0,26,27,te,sub-22_Run-4_Cond-2_RepCond-2_Vol-0-26-27.nii.gz
sub-22,4,3,1,0,26,27,te,sub-22_Run-4_Cond-3_RepCond-1_Vol-0-26-27.nii.gz
sub-22,4,3,2,0,26,27,te,sub-22_Run-4_Cond-3_RepCond-2_Vol-0-26-27.nii.gz
sub-22,4,4,1,0,26,27,te,sub-22_Run-4_Cond-4_RepCond-1_Vol-0-26-27.nii.gz
sub-22,4,4,2,0,26,27,te,sub-22_Run-4_Cond-4_RepCond-2_Vol-0-26-27.nii.gz
sub-22,5,1,1,0,26,27,te,sub-22_Run-5_Cond-1_RepCond-1_Vol-0-26-27.nii.gz
sub-22,5,1,2,0,26,27,te,sub-22_Run-5_Cond-1_RepCond-2_Vol-0-26-27.nii.gz
sub-22,5,2,1,0,26,27,te,sub-22_Run-5_Cond-2_RepCond-1_Vol-0-26-27.nii.gz
sub-22,5,2,2,0,26,27,te,sub-22_Run-5_Cond-2_RepCond-2_Vol-0-26-27.nii.gz
sub-22,5,3,1,0,26,27,te,sub-22_Run-5_Cond-3_RepCond-1_Vol-0-26-27.nii.gz
sub-22,5,4,1,0,26,27,te,sub-22_Run-5_Cond-4_RepCond-1_Vol-0-26-27.nii.gz
sub-22,5,4,2,0,26,27,te,sub-22_Run-5_Cond-4_RepCond-2_Vol-0-26-27.nii.gz
sub-02,1,1,1,3,29,27,tr,sub-02_Run-1_Cond-1_RepCond-1_Vol-3-29-27.nii.gz
sub-02,1,1,2,0,26,27,tr,sub-02_Run-1_Cond-1_RepCond-2_Vol-0-26-27.nii.gz
sub-02,1,2,1,2,28,27,tr,sub-02_Run-1_Cond-2_RepCond-1_Vol-2-28-27.nii.gz
sub-02,1,2,2,3,29,27,tr,sub-02_Run-1_Cond-2_RepCond-2_Vol-3-29-27.nii.gz
sub-02,1,3,1,3,29,27,tr,sub-02_Run-1_Cond-3_RepCond-1_Vol-3-29-27.nii.gz
sub-02,1,3,2,1,27,27,tr,sub-02_Run-1_Cond-3_RepCond-2_Vol-1-27-27.nii.gz
sub-02,1,4,1,2,28,27,tr,sub-02_Run-1_Cond-4_RepCond-1_Vol-2-28-27.nii.gz
sub-02,1,4,2,3,29,27,tr,sub-02_Run-1_Cond-4_RepCond-2_Vol-3-29-27.nii.gz
sub-02,2,1,1,4,30,27,tr,sub-02_Run-2_Cond-1_RepCond-1_Vol-4-30-27.nii.gz
sub-02,2,2,1,2,28,27,tr,sub-02_Run-2_Cond-2_RepCond-1_Vol-2-28-27.nii.gz
sub-02,2,2,2,1,27,27,tr,sub-02_Run-2_Cond-2_RepCond-2_Vol-1-27-27.nii.gz
sub-02,2,3,1,2,28,27,tr,sub-02_Run-2_Cond-3_RepCond-1_Vol-2-28-27.nii.gz
sub-02,2,3,2,3,29,27,tr,sub-02_Run-2_Cond-3_RepCond-2_Vol-3-29-27.nii.gz
sub-02,2,4,1,1,27,27,tr,sub-02_Run-2_Cond-4_RepCond-1_Vol-1-27-27.nii.gz
sub-02,2,4,2,1,27,27,tr,sub-02_Run-2_Cond-4_RepCond-2_Vol-1-27-27.nii.gz
sub-02,3,1,1,4,30,27,tr,sub-02_Run-3_Cond-1_RepCond-1_Vol-4-30-27.nii.gz
sub-02,3,1,2,0,26,27,tr,sub-02_Run-3_Cond-1_RepCond-2_Vol-0-26-27.nii.gz
sub-02,3,2,1,4,30,27,tr,sub-02_Run-3_Cond-2_RepCond-1_Vol-4-30-27.nii.gz
sub-02,3,2,2,1,27,27,tr,sub-02_Run-3_Cond-2_RepCond-2_Vol-1-27-27.nii.gz
sub-02,3,3,1,2,28,27,tr,sub-02_Run-3_Cond-3_RepCond-1_Vol-2-28-27.nii.gz
sub-02,3,3,2,0,26,27,tr,sub-02_Run-3_Cond-3_RepCond-2_Vol-0-26-27.nii.gz
sub-02,3,4,1,2,28,27,tr,sub-02_Run-3_Cond-4_RepCond-1_Vol-2-28-27.nii.gz
sub-02,3,4,2,4,30,27,tr,sub-02_Run-3_Cond-4_RepCond-2_Vol-4-30-27.nii.gz
sub-02,4,1,1,3,29,27,tr,sub-02_Run-4_Cond-1_RepCond-1_Vol-3-29-27.nii.gz
sub-02,4,1,2,1,27,27,tr,sub-02_Run-4_Cond-1_RepCond-2_Vol-1-27-27.nii.gz
sub-02,4,2,1,4,30,27,tr,sub-02_Run-4_Cond-2_RepCond-1_Vol-4-30-27.nii.gz
sub-02,4,2,2,1,27,27,tr,sub-02_Run-4_Cond-2_RepCond-2_Vol-1-27-27.nii.gz
sub-02,4,3,1,1,27,27,tr,sub-02_Run-4_Cond-3_RepCond-1_Vol-1-27-27.nii.gz
sub-02,4,3,2,4,30,27,tr,sub-02_Run-4_Cond-3_RepCond-2_Vol-4-30-27.nii.gz
sub-02,4,4,1,3,29,27,tr,sub-02_Run-4_Cond-4_RepCond-1_Vol-3-29-27.nii.gz
sub-02,4,4,2,0,26,27,tr,sub-02_Run-4_Cond-4_RepCond-2_Vol-0-26-27.nii.gz
sub-02,5,1,1,1,27,27,tr,sub-02_Run-5_Cond-1_RepCond-1_Vol-1-27-27.nii.gz
sub-02,5,1,2,4,30,27,tr,sub-02_Run-5_Cond-1_RepCond-2_Vol-4-30-27.nii.gz
sub-02,5,2,1,2,28,27,tr,sub-02_Run-5_Cond-2_RepCond-1_Vol-2-28-27.nii.gz
sub-02,5,2,2,0,26,27,tr,sub-02_Run-5_Cond-2_RepCond-2_Vol-0-26-27.nii.gz
sub-02,5,3,1,2,28,27,tr,sub-02_Run-5_Cond-3_RepCond-1_Vol-2-28-27.nii.gz
sub-02,5,3,2,0,26,27,tr,sub-02_Run-5_Cond-3_RepCond-2_Vol-0-26-27.nii.gz
sub-02,5,4,1,0,26,27,tr,sub-02_Run-5_Cond-4_RepCond-1_Vol-0-26-27.nii.gz
sub-02,5,4,2,1,27,27,tr,sub-02_Run-5_Cond-4_RepCond-2_Vol-1-27-27.nii.gz
sub-02,6,1,1,1,27,27,tr,sub-02_Run-6_Cond-1_RepCond-1_Vol-1-27-27.nii.gz
sub-02,6,1,2,4,30,27,tr,sub-02_Run-6_Cond-1_RepCond-2_Vol-4-30-27.nii.gz
sub-02,6,2,1,4,30,27,tr,sub-02_Run-6_Cond-2_RepCond-1_Vol-4-30-27.nii.gz
sub-02,6,2,2,1,27,27,tr,sub-02_Run-6_Cond-2_RepCond-2_Vol-1-27-27.nii.gz
sub-02,6,3,1,0,26,27,tr,sub-02_Run-6_Cond-3_RepCond-1_Vol-0-26-27.nii.gz
sub-02,6,3,2,2,28,27,tr,sub-02_Run-6_Cond-3_RepCond-2_Vol-2-28-27.nii.gz
sub-02,6,4,1,1,27,27,tr,sub-02_Run-6_Cond-4_RepCond-1_Vol-1-27-27.nii.gz
sub-04,1,1,1,4,30,27,tr,sub-04_Run-1_Cond-1_RepCond-1_Vol-4-30-27.nii.gz
sub-04,1,1,2,3,29,27,tr,sub-04_Run-1_Cond-1_RepCond-2_Vol-3-29-27.nii.gz
sub-04,1,2,1,3,29,27,tr,sub-04_Run-1_Cond-2_RepCond-1_Vol-3-29-27.nii.gz
sub-04,1,2,2,2,28,27,tr,sub-04_Run-1_Cond-2_RepCond-2_Vol-2-28-27.nii.gz
sub-04,1,3,1,1,27,27,tr,sub-04_Run-1_Cond-3_RepCond-1_Vol-1-27-27.nii.gz
sub-04,1,3,2,1,27,27,tr,sub-04_Run-1_Cond-3_RepCond-2_Vol-1-27-27.nii.gz
sub-04,1,4,1,3,29,27,tr,sub-04_Run-1_Cond-4_RepCond-1_Vol-3-29-27.nii.gz
sub-04,1,4,2,4,30,27,tr,sub-04_Run-1_Cond-4_RepCond-2_Vol-4-30-27.nii.gz
sub-04,2,1,1,0,26,27,tr,sub-04_Run-2_Cond-1_RepCond-1_Vol-0-26-27.nii.gz
sub-04,2,1,2,3,29,27,tr,sub-04_Run-2_Cond-1_RepCond-2_Vol-3-29-27.nii.gz
sub-04,2,2,1,3,29,27,tr,sub-04_Run-2_Cond-2_RepCond-1_Vol-3-29-27.nii.gz
sub-04,2,2,2,3,29,27,tr,sub-04_Run-2_Cond-2_RepCond-2_Vol-3-29-27.nii.gz
sub-04,2,3,1,0,26,27,tr,sub-04_Run-2_Cond-3_RepCond-1_Vol-0-26-27.nii.gz
sub-04,2,3,2,3,29,27,tr,sub-04_Run-2_Cond-3_RepCond-2_Vol-3-29-27.nii.gz
sub-04,2,4,1,1,27,27,tr,sub-04_Run-2_Cond-4_RepCond-1_Vol-1-27-27.nii.gz
sub-04,2,4,2,1,27,27,tr,sub-04_Run-2_Cond-4_RepCond-2_Vol-1-27-27.nii.gz
sub-04,3,1,1,0,26,27,tr,sub-04_Run-3_Cond-1_RepCond-1_Vol-0-26-27.nii.gz
sub-04,3,1,2,3,29,27,tr,sub-04_Run-3_Cond-1_RepCond-2_Vol-3-29-27.nii.gz
sub-04,3,2,1,1,27,27,tr,sub-04_Run-3_Cond-2_RepCond-1_Vol-1-27-27.nii.gz
sub-04,3,2,2,1,27,27,tr,sub-04_Run-3_Cond-2_RepCond-2_Vol-1-27-27.nii.gz
sub-04,3,3,1,4,30,27,tr,sub-04_Run-3_Cond-3_RepCond-1_Vol-4-30-27.nii.gz
sub-04,3,3,2,1,27,27,tr,sub-04_Run-3_Cond-3_RepCond-2_Vol-1-27-27.nii.gz
sub-04,3,4,1,2,28,27,tr,sub-04_Run-3_Cond-4_RepCond-1_Vol-2-28-27.nii.gz
sub-04,3,4,2,4,30,27,tr,sub-04_Run-3_Cond-4_RepCond-2_Vol-4-30-27.nii.gz
sub-04,4,1,1,4,30,27,tr,sub-04_Run-4_Cond-1_RepCond-1_Vol-4-30-27.nii.gz
sub-04,4,1,2,2,28,27,tr,sub-04_Run-4_Cond-1_RepCond-2_Vol-2-28-27.nii.gz
sub-04,4,2,1,4,30,27,tr,sub-04_Run-4_Cond-2_RepCond-1_Vol-4-30-27.nii.gz
sub-04,4,2,2,1,27,27,tr,sub-04_Run-4_Cond-2_RepCond-2_Vol-1-27-27.nii.gz
sub-04,4,3,1,1,27,27,tr,sub-04_Run-4_Cond-3_RepCond-1_Vol-1-27-27.nii.gz
sub-04,4,3,2,4,30,27,tr,sub-04_Run-4_Cond-3_RepCond-2_Vol-4-30-27.nii.gz
sub-04,4,4,1,2,28,27,tr,sub-04_Run-4_Cond-4_RepCond-1_Vol-2-28-27.nii.gz
sub-04,4,4,2,1,27,27,tr,sub-04_Run-4_Cond-4_RepCond-2_Vol-1-27-27.nii.gz
sub-04,5,1,1,2,28,27,tr,sub-04_Run-5_Cond-1_RepCond-1_Vol-2-28-27.nii.gz
sub-04,5,1,2,0,26,27,tr,sub-04_Run-5_Cond-1_RepCond-2_Vol-0-26-27.nii.gz
sub-04,5,2,1,4,30,27,tr,sub-04_Run-5_Cond-2_RepCond-1_Vol-4-30-27.nii.gz
sub-04,5,2,2,0,26,27,tr,sub-04_Run-5_Cond-2_RepCond-2_Vol-0-26-27.nii.gz
sub-04,5,3,1,2,28,27,tr,sub-04_Run-5_Cond-3_RepCond-1_Vol-2-28-27.nii.gz
sub-04,5,3,2,0,26,27,tr,sub-04_Run-5_Cond-3_RepCond-2_Vol-0-26-27.nii.gz
sub-04,5,4,1,0,26,27,tr,sub-04_Run-5_Cond-4_RepCond-1_Vol-0-26-27.nii.gz
sub-04,5,4,2,4,30,27,tr,sub-04_Run-5_Cond-4_RepCond-2_Vol-4-30-27.nii.gz
sub-04,6,1,1,3,29,27,tr,sub-04_Run-6_Cond-1_RepCond-1_Vol-3-29-27.nii.gz
sub-04,6,1,2,0,26,27,tr,sub-04_Run-6_Cond-1_RepCond-2_Vol-0-26-27.nii.gz
sub-04,6,2,1,3,29,27,tr,sub-04_Run-6_Cond-2_RepCond-1_Vol-3-29-27.nii.gz
sub-04,6,2,2,2,28,27,tr,sub-04_Run-6_Cond-2_RepCond-2_Vol-2-28-27.nii.gz
sub-04,6,3,1,3,29,27,tr,sub-04_Run-6_Cond-3_RepCond-1_Vol-3-29-27.nii.gz
sub-04,6,4,1,3,29,27,tr,sub-04_Run-6_Cond-4_RepCond-1_Vol-3-29-27.nii.gz
sub-04,6,4,2,0,26,27,tr,sub-04_Run-6_Cond-4_RepCond-2_Vol-0-26-27.nii.gz
sub-05,1,1,1,3,29,27,tr,sub-05_Run-1_Cond-1_RepCond-1_Vol-3-29-27.nii.gz
sub-05,1,1,2,0,26,27,tr,sub-05_Run-1_Cond-1_RepCond-2_Vol-0-26-27.nii.gz
sub-05,1,2,1,2,28,27,tr,sub-05_Run-1_Cond-2_RepCond-1_Vol-2-28-27.nii.gz
sub-05,1,2,2,4,30,27,tr,sub-05_Run-1_Cond-2_RepCond-2_Vol-4-30-27.nii.gz
sub-05,1,3,1,0,26,27,tr,sub-05_Run-1_Cond-3_RepCond-1_Vol-0-26-27.nii.gz
sub-05,1,3,2,2,28,27,tr,sub-05_Run-1_Cond-3_RepCond-2_Vol-2-28-27.nii.gz
sub-05,1,4,1,4,30,27,tr,sub-05_Run-1_Cond-4_RepCond-1_Vol-4-30-27.nii.gz
sub-05,1,4,2,2,28,27,tr,sub-05_Run-1_Cond-4_RepCond-2_Vol-2-28-27.nii.gz
sub-05,2,1,1,0,26,27,tr,sub-05_Run-2_Cond-1_RepCond-1_Vol-0-26-27.nii.gz
sub-05,2,1,2,3,29,27,tr,sub-05_Run-2_Cond-1_RepCond-2_Vol-3-29-27.nii.gz
sub-05,2,2,1,4,30,27,tr,sub-05_Run-2_Cond-2_RepCond-1_Vol-4-30-27.nii.gz
sub-05,2,2,2,2,28,27,tr,sub-05_Run-2_Cond-2_RepCond-2_Vol-2-28-27.nii.gz
sub-05,2,3,1,0,26,27,tr,sub-05_Run-2_Cond-3_RepCond-1_Vol-0-26-27.nii.gz
sub-05,2,3,2,0,26,27,tr,sub-05_Run-2_Cond-3_RepCond-2_Vol-0-26-27.nii.gz
sub-05,2,4,1,0,26,27,tr,sub-05_Run-2_Cond-4_RepCond-1_Vol-0-26-27.nii.gz
sub-05,2,4,2,0,26,27,tr,sub-05_Run-2_Cond-4_RepCond-2_Vol-0-26-27.nii.gz
sub-05,3,1,1,1,27,27,tr,sub-05_Run-3_Cond-1_RepCond-1_Vol-1-27-27.nii.gz
sub-05,3,1,2,2,28,27,tr,sub-05_Run-3_Cond-1_RepCond-2_Vol-2-28-27.nii.gz
sub-05,3,2,1,3,29,27,tr,sub-05_Run-3_Cond-2_RepCond-1_Vol-3-29-27.nii.gz
sub-05,3,2,2,0,26,27,tr,sub-05_Run-3_Cond-2_RepCond-2_Vol-0-26-27.nii.gz
sub-05,3,3,1,1,27,27,tr,sub-05_Run-3_Cond-3_RepCond-1_Vol-1-27-27.nii.gz
sub-05,3,3,2,1,27,27,tr,sub-05_Run-3_Cond-3_RepCond-2_Vol-1-27-27.nii.gz
sub-05,3,4,1,4,30,27,tr,sub-05_Run-3_Cond-4_RepCond-1_Vol-4-30-27.nii.gz
sub-05,3,4,2,1,27,27,tr,sub-05_Run-3_Cond-4_RepCond-2_Vol-1-27-27.nii.gz
sub-05,4,1,1,3,29,27,tr,sub-05_Run-4_Cond-1_RepCond-1_Vol-3-29-27.nii.gz
sub-05,4,1,2,0,26,27,tr,sub-05_Run-4_Cond-1_RepCond-2_Vol-0-26-27.nii.gz
sub-05,4,2,1,2,28,27,tr,sub-05_Run-4_Cond-2_RepCond-1_Vol-2-28-27.nii.gz
sub-05,4,3,1,0,26,27,tr,sub-05_Run-4_Cond-3_RepCond-1_Vol-0-26-27.nii.gz
sub-05,4,3,2,3,29,27,tr,sub-05_Run-4_Cond-3_RepCond-2_Vol-3-29-27.nii.gz
sub-05,4,4,1,0,26,27,tr,sub-05_Run-4_Cond-4_RepCond-1_Vol-0-26-27.nii.gz
sub-05,4,4,2,1,27,27,tr,sub-05_Run-4_Cond-4_RepCond-2_Vol-1-27-27.nii.gz
sub-05,5,1,1,0,26,27,tr,sub-05_Run-5_Cond-1_RepCond-1_Vol-0-26-27.nii.gz
sub-05,5,1,2,3,29,27,tr,sub-05_Run-5_Cond-1_RepCond-2_Vol-3-29-27.nii.gz
sub-05,5,2,1,4,30,27,tr,sub-05_Run-5_Cond-2_RepCond-1_Vol-4-30-27.nii.gz
sub-05,5,2,2,1,27,27,tr,sub-05_Run-5_Cond-2_RepCond-2_Vol-1-27-27.nii.gz
sub-05,5,3,1,0,26,27,tr,sub-05_Run-5_Cond-3_RepCond-1_Vol-0-26-27.nii.gz
sub-05,5,3,2,1,27,27,tr,sub-05_Run-5_Cond-3_RepCond-2_Vol-1-27-27.nii.gz
sub-05,5,4,1,0,26,27,tr,sub-05_Run-5_Cond-4_RepCond-1_Vol-0-26-27.nii.gz
sub-05,5,4,2,0,26,27,tr,sub-05_Run-5_Cond-4_RepCond-2_Vol-0-26-27.nii.gz
sub-05,6,1,1,2,28,27,tr,sub-05_Run-6_Cond-1_RepCond-1_Vol-2-28-27.nii.gz
sub-05,6,1,2,2,28,27,tr,sub-05_Run-6_Cond-1_RepCond-2_Vol-2-28-27.nii.gz
sub-05,6,2,1,1,27,27,tr,sub-05_Run-6_Cond-2_RepCond-1_Vol-1-27-27.nii.gz
sub-05,6,2,2,0,26,27,tr,sub-05_Run-6_Cond-2_RepCond-2_Vol-0-26-27.nii.gz
sub-05,6,3,1,1,27,27,tr,sub-05_Run-6_Cond-3_RepCond-1_Vol-1-27-27.nii.gz
sub-05,6,3,2,1,27,27,tr,sub-05_Run-6_Cond-3_RepCond-2_Vol-1-27-27.nii.gz
sub-05,6,4,1,2,28,27,tr,sub-05_Run-6_Cond-4_RepCond-1_Vol-2-28-27.nii.gz
sub-05,6,4,2,3,29,27,tr,sub-05_Run-6_Cond-4_RepCond-2_Vol-3-29-27.nii.gz
sub-07,1,1,1,4,30,27,tr,sub-07_Run-1_Cond-1_RepCond-1_Vol-4-30-27.nii.gz
sub-07,1,1,2,1,27,27,tr,sub-07_Run-1_Cond-1_RepCond-2_Vol-1-27-27.nii.gz
sub-07,1,2,1,0,26,27,tr,sub-07_Run-1_Cond-2_RepCond-1_Vol-0-26-27.nii.gz
sub-07,1,2,2,4,30,27,tr,sub-07_Run-1_Cond-2_RepCond-2_Vol-4-30-27.nii.gz
sub-07,1,3,1,0,26,27,tr,sub-07_Run-1_Cond-3_RepCond-1_Vol-0-26-27.nii.gz
sub-07,1,3,2,0,26,27,tr,sub-07_Run-1_Cond-3_RepCond-2_Vol-0-26-27.nii.gz
sub-07,1,4,1,4,30,27,tr,sub-07_Run-1_Cond-4_RepCond-1_Vol-4-30-27.nii.gz
sub-07,1,4,2,0,26,27,tr,sub-07_Run-1_Cond-4_RepCond-2_Vol-0-26-27.nii.gz
sub-07,2,1,1,0,26,27,tr,sub-07_Run-2_Cond-1_RepCond-1_Vol-0-26-27.nii.gz
sub-07,2,1,2,2,28,27,tr,sub-07_Run-2_Cond-1_RepCond-2_Vol-2-28-27.nii.gz
sub-07,2,2,1,0,26,27,tr,sub-07_Run-2_Cond-2_RepCond-1_Vol-0-26-27.nii.gz
sub-07,2,2,2,4,30,27,tr,sub-07_Run-2_Cond-2_RepCond-2_Vol-4-30-27.nii.gz
sub-07,2,3,1,0,26,27,tr,sub-07_Run-2_Cond-3_RepCond-1_Vol-0-26-27.nii.gz
sub-07,2,3,2,3,29,27,tr,sub-07_Run-2_Cond-3_RepCond-2_Vol-3-29-27.nii.gz
sub-07,2,4,1,0,26,27,tr,sub-07_Run-2_Cond-4_RepCond-1_Vol-0-26-27.nii.gz
sub-07,3,1,1,0,26,27,tr,sub-07_Run-3_Cond-1_RepCond-1_Vol-0-26-27.nii.gz
sub-07,3,1,2,3,29,27,tr,sub-07_Run-3_Cond-1_RepCond-2_Vol-3-29-27.nii.gz
sub-07,3,2,1,4,30,27,tr,sub-07_Run-3_Cond-2_RepCond-1_Vol-4-30-27.nii.gz
sub-07,3,2,2,1,27,27,tr,sub-07_Run-3_Cond-2_RepCond-2_Vol-1-27-27.nii.gz
sub-07,3,3,1,3,29,27,tr,sub-07_Run-3_Cond-3_RepCond-1_Vol-3-29-27.nii.gz
sub-07,3,3,2,3,29,27,tr,sub-07_Run-3_Cond-3_RepCond-2_Vol-3-29-27.nii.gz
sub-07,3,4,1,1,27,27,tr,sub-07_Run-3_Cond-4_RepCond-1_Vol-1-27-27.nii.gz
sub-07,4,1,1,4,30,27,tr,sub-07_Run-4_Cond-1_RepCond-1_Vol-4-30-27.nii.gz
sub-07,4,1,2,1,27,27,tr,sub-07_Run-4_Cond-1_RepCond-2_Vol-1-27-27.nii.gz
sub-07,4,2,1,2,28,27,tr,sub-07_Run-4_Cond-2_RepCond-1_Vol-2-28-27.nii.gz
sub-07,4,2,2,3,29,27,tr,sub-07_Run-4_Cond-2_RepCond-2_Vol-3-29-27.nii.gz
sub-07,4,3,1,2,28,27,tr,sub-07_Run-4_Cond-3_RepCond-1_Vol-2-28-27.nii.gz
sub-07,4,3,2,0,26,27,tr,sub-07_Run-4_Cond-3_RepCond-2_Vol-0-26-27.nii.gz
sub-07,4,4,1,2,28,27,tr,sub-07_Run-4_Cond-4_RepCond-1_Vol-2-28-27.nii.gz
sub-07,4,4,2,1,27,27,tr,sub-07_Run-4_Cond-4_RepCond-2_Vol-1-27-27.nii.gz
sub-07,5,1,1,1,27,27,tr,sub-07_Run-5_Cond-1_RepCond-1_Vol-1-27-27.nii.gz
sub-07,5,1,2,2,28,27,tr,sub-07_Run-5_Cond-1_RepCond-2_Vol-2-28-27.nii.gz
sub-07,5,2,1,1,27,27,tr,sub-07_Run-5_Cond-2_RepCond-1_Vol-1-27-27.nii.gz
sub-07,5,2,2,2,28,27,tr,sub-07_Run-5_Cond-2_RepCond-2_Vol-2-28-27.nii.gz
sub-07,5,3,1,1,27,27,tr,sub-07_Run-5_Cond-3_RepCond-1_Vol-1-27-27.nii.gz
sub-07,5,3,2,0,26,27,tr,sub-07_Run-5_Cond-3_RepCond-2_Vol-0-26-27.nii.gz
sub-07,5,4,1,0,26,27,tr,sub-07_Run-5_Cond-4_RepCond-1_Vol-0-26-27.nii.gz
sub-07,5,4,2,3,29,27,tr,sub-07_Run-5_Cond-4_RepCond-2_Vol-3-29-27.nii.gz
sub-09,1,1,1,0,26,27,tr,sub-09_Run-1_Cond-1_RepCond-1_Vol-0-26-27.nii.gz
sub-09,1,1,2,2,28,27,tr,sub-09_Run-1_Cond-1_RepCond-2_Vol-2-28-27.nii.gz
sub-09,1,2,1,2,28,27,tr,sub-09_Run-1_Cond-2_RepCond-1_Vol-2-28-27.nii.gz
sub-09,1,2,2,0,26,27,tr,sub-09_Run-1_Cond-2_RepCond-2_Vol-0-26-27.nii.gz
sub-09,1,3,1,1,27,27,tr,sub-09_Run-1_Cond-3_RepCond-1_Vol-1-27-27.nii.gz
sub-09,1,3,2,2,28,27,tr,sub-09_Run-1_Cond-3_RepCond-2_Vol-2-28-27.nii.gz
sub-09,1,4,1,0,26,27,tr,sub-09_Run-1_Cond-4_RepCond-1_Vol-0-26-27.nii.gz
sub-09,1,4,2,0,26,27,tr,sub-09_Run-1_Cond-4_RepCond-2_Vol-0-26-27.nii.gz
sub-09,2,1,1,4,30,27,tr,sub-09_Run-2_Cond-1_RepCond-1_Vol-4-30-27.nii.gz
sub-09,2,1,2,0,26,27,tr,sub-09_Run-2_Cond-1_RepCond-2_Vol-0-26-27.nii.gz
sub-09,2,2,1,4,30,27,tr,sub-09_Run-2_Cond-2_RepCond-1_Vol-4-30-27.nii.gz
sub-09,2,2,2,3,29,27,tr,sub-09_Run-2_Cond-2_RepCond-2_Vol-3-29-27.nii.gz
sub-09,2,3,1,4,30,27,tr,sub-09_Run-2_Cond-3_RepCond-1_Vol-4-30-27.nii.gz
sub-09,2,3,2,0,26,27,tr,sub-09_Run-2_Cond-3_RepCond-2_Vol-0-26-27.nii.gz
sub-09,2,4,1,1,27,27,tr,sub-09_Run-2_Cond-4_RepCond-1_Vol-1-27-27.nii.gz
sub-09,2,4,2,3,29,27,tr,sub-09_Run-2_Cond-4_RepCond-2_Vol-3-29-27.nii.gz
sub-09,3,1,1,2,28,27,tr,sub-09_Run-3_Cond-1_RepCond-1_Vol-2-28-27.nii.gz
sub-09,3,1,2,0,26,27,tr,sub-09_Run-3_Cond-1_RepCond-2_Vol-0-26-27.nii.gz
sub-09,3,2,1,2,28,27,tr,sub-09_Run-3_Cond-2_RepCond-1_Vol-2-28-27.nii.gz
sub-09,3,2,2,3,29,27,tr,sub-09_Run-3_Cond-2_RepCond-2_Vol-3-29-27.nii.gz
sub-09,3,3,1,0,26,27,tr,sub-09_Run-3_Cond-3_RepCond-1_Vol-0-26-27.nii.gz
sub-09,3,3,2,1,27,27,tr,sub-09_Run-3_Cond-3_RepCond-2_Vol-1-27-27.nii.gz
sub-09,3,4,1,0,26,27,tr,sub-09_Run-3_Cond-4_RepCond-1_Vol-0-26-27.nii.gz
sub-09,3,4,2,1,27,27,tr,sub-09_Run-3_Cond-4_RepCond-2_Vol-1-27-27.nii.gz
sub-09,4,1,1,3,29,27,tr,sub-09_Run-4_Cond-1_RepCond-1_Vol-3-29-27.nii.gz
sub-09,4,1,2,2,28,27,tr,sub-09_Run-4_Cond-1_RepCond-2_Vol-2-28-27.nii.gz
sub-09,4,2,1,4,30,27,tr,sub-09_Run-4_Cond-2_RepCond-1_Vol-4-30-27.nii.gz
sub-09,4,2,2,0,26,27,tr,sub-09_Run-4_Cond-2_RepCond-2_Vol-0-26-27.nii.gz
sub-09,4,3,1,0,26,27,tr,sub-09_Run-4_Cond-3_RepCond-1_Vol-0-26-27.nii.gz
sub-09,4,3,2,0,26,27,tr,sub-09_Run-4_Cond-3_RepCond-2_Vol-0-26-27.nii.gz
sub-09,4,4,1,0,26,27,tr,sub-09_Run-4_Cond-4_RepCond-1_Vol-0-26-27.nii.gz
sub-09,4,4,2,2,28,27,tr,sub-09_Run-4_Cond-4_RepCond-2_Vol-2-28-27.nii.gz
sub-09,5,1,1,2,28,27,tr,sub-09_Run-5_Cond-1_RepCond-1_Vol-2-28-27.nii.gz
sub-09,5,1,2,2,28,27,tr,sub-09_Run-5_Cond-1_RepCond-2_Vol-2-28-27.nii.gz
sub-09,5,2,1,3,29,27,tr,sub-09_Run-5_Cond-2_RepCond-1_Vol-3-29-27.nii.gz
sub-09,5,3,1,2,28,27,tr,sub-09_Run-5_Cond-3_RepCond-1_Vol-2-28-27.nii.gz
sub-09,5,3,2,3,29,27,tr,sub-09_Run-5_Cond-3_RepCond-2_Vol-3-29-27.nii.gz
sub-09,5,4,1,0,26,27,tr,sub-09_Run-5_Cond-4_RepCond-1_Vol-0-26-27.nii.gz
sub-09,5,4,2,4,30,27,tr,sub-09_Run-5_Cond-4_RepCond-2_Vol-4-30-27.nii.gz
sub-10,1,1,1,0,26,27,tr,sub-10_Run-1_Cond-1_RepCond-1_Vol-0-26-27.nii.gz
sub-10,1,1,2,0,26,27,tr,sub-10_Run-1_Cond-1_RepCond-2_Vol-0-26-27.nii.gz
sub-10,1,2,1,0,26,27,tr,sub-10_Run-1_Cond-2_RepCond-1_Vol-0-26-27.nii.gz
sub-10,1,2,2,0,26,27,tr,sub-10_Run-1_Cond-2_RepCond-2_Vol-0-26-27.nii.gz
sub-10,1,3,1,1,27,27,tr,sub-10_Run-1_Cond-3_RepCond-1_Vol-1-27-27.nii.gz
sub-10,1,3,2,1,27,27,tr,sub-10_Run-1_Cond-3_RepCond-2_Vol-1-27-27.nii.gz
sub-10,1,4,1,4,30,27,tr,sub-10_Run-1_Cond-4_RepCond-1_Vol-4-30-27.nii.gz
sub-10,1,4,2,1,27,27,tr,sub-10_Run-1_Cond-4_RepCond-2_Vol-1-27-27.nii.gz
sub-10,2,1,1,1,27,27,tr,sub-10_Run-2_Cond-1_RepCond-1_Vol-1-27-27.nii.gz
sub-10,2,1,2,2,28,27,tr,sub-10_Run-2_Cond-1_RepCond-2_Vol-2-28-27.nii.gz
sub-10,2,2,1,2,28,27,tr,sub-10_Run-2_Cond-2_RepCond-1_Vol-2-28-27.nii.gz
sub-10,2,2,2,0,26,27,tr,sub-10_Run-2_Cond-2_RepCond-2_Vol-0-26-27.nii.gz
sub-10,2,3,1,0,26,27,tr,sub-10_Run-2_Cond-3_RepCond-1_Vol-0-26-27.nii.gz
sub-10,2,3,2,3,29,27,tr,sub-10_Run-2_Cond-3_RepCond-2_Vol-3-29-27.nii.gz
sub-10,2,4,1,2,28,27,tr,sub-10_Run-2_Cond-4_RepCond-1_Vol-2-28-27.nii.gz
sub-10,2,4,2,3,29,27,tr,sub-10_Run-2_Cond-4_RepCond-2_Vol-3-29-27.nii.gz
sub-10,3,1,1,4,30,27,tr,sub-10_Run-3_Cond-1_RepCond-1_Vol-4-30-27.nii.gz
sub-10,3,1,2,2,28,27,tr,sub-10_Run-3_Cond-1_RepCond-2_Vol-2-28-27.nii.gz
sub-10,3,2,1,1,27,27,tr,sub-10_Run-3_Cond-2_RepCond-1_Vol-1-27-27.nii.gz
sub-10,3,2,2,0,26,27,tr,sub-10_Run-3_Cond-2_RepCond-2_Vol-0-26-27.nii.gz
sub-10,3,3,1,0,26,27,tr,sub-10_Run-3_Cond-3_RepCond-1_Vol-0-26-27.nii.gz
sub-10,3,3,2,3,29,27,tr,sub-10_Run-3_Cond-3_RepCond-2_Vol-3-29-27.nii.gz
sub-10,3,4,1,4,30,27,tr,sub-10_Run-3_Cond-4_RepCond-1_Vol-4-30-27.nii.gz
sub-10,4,1,1,4,30,27,tr,sub-10_Run-4_Cond-1_RepCond-1_Vol-4-30-27.nii.gz
sub-10,4,1,2,1,27,27,tr,sub-10_Run-4_Cond-1_RepCond-2_Vol-1-27-27.nii.gz
sub-10,4,2,1,4,30,27,tr,sub-10_Run-4_Cond-2_RepCond-1_Vol-4-30-27.nii.gz
sub-10,4,2,2,0,26,27,tr,sub-10_Run-4_Cond-2_RepCond-2_Vol-0-26-27.nii.gz
sub-10,4,3,1,4,30,27,tr,sub-10_Run-4_Cond-3_RepCond-1_Vol-4-30-27.nii.gz
sub-10,4,3,2,1,27,27,tr,sub-10_Run-4_Cond-3_RepCond-2_Vol-1-27-27.nii.gz
sub-10,4,4,1,1,27,27,tr,sub-10_Run-4_Cond-4_RepCond-1_Vol-1-27-27.nii.gz
sub-10,4,4,2,4,30,27,tr,sub-10_Run-4_Cond-4_RepCond-2_Vol-4-30-27.nii.gz
sub-10,5,1,1,4,30,27,tr,sub-10_Run-5_Cond-1_RepCond-1_Vol-4-30-27.nii.gz
sub-10,5,1,2,3,29,27,tr,sub-10_Run-5_Cond-1_RepCond-2_Vol-3-29-27.nii.gz
sub-10,5,2,1,2,28,27,tr,sub-10_Run-5_Cond-2_RepCond-1_Vol-2-28-27.nii.gz
sub-10,5,2,2,2,28,27,tr,sub-10_Run-5_Cond-2_RepCond-2_Vol-2-28-27.nii.gz
sub-10,5,3,1,3,29,27,tr,sub-10_Run-5_Cond-3_RepCond-1_Vol-3-29-27.nii.gz
sub-10,5,3,2,4,30,27,tr,sub-10_Run-5_Cond-3_RepCond-2_Vol-4-30-27.nii.gz
sub-10,5,4,1,1,27,27,tr,sub-10_Run-5_Cond-4_RepCond-1_Vol-1-27-27.nii.gz
sub-10,5,4,2,2,28,27,tr,sub-10_Run-5_Cond-4_RepCond-2_Vol-2-28-27.nii.gz
sub-10,6,1,1,0,26,27,tr,sub-10_Run-6_Cond-1_RepCond-1_Vol-0-26-27.nii.gz
sub-10,6,1,2,0,26,27,tr,sub-10_Run-6_Cond-1_RepCond-2_Vol-0-26-27.nii.gz
sub-10,6,2,1,0,26,27,tr,sub-10_Run-6_Cond-2_RepCond-1_Vol-0-26-27.nii.gz
sub-10,6,2,2,0,26,27,tr,sub-10_Run-6_Cond-2_RepCond-2_Vol-0-26-27.nii.gz
sub-10,6,3,1,4,30,27,tr,sub-10_Run-6_Cond-3_RepCond-1_Vol-4-30-27.nii.gz
sub-10,6,3,2,2,28,27,tr,sub-10_Run-6_Cond-3_RepCond-2_Vol-2-28-27.nii.gz
sub-10,6,4,1,1,27,27,tr,sub-10_Run-6_Cond-4_RepCond-1_Vol-1-27-27.nii.gz
sub-10,6,4,2,4,30,27,tr,sub-10_Run-6_Cond-4_RepCond-2_Vol-4-30-27.nii.gz
sub-11,1,1,1,3,29,27,tr,sub-11_Run-1_Cond-1_RepCond-1_Vol-3-29-27.nii.gz
sub-11,1,1,2,4,30,27,tr,sub-11_Run-1_Cond-1_RepCond-2_Vol-4-30-27.nii.gz
sub-11,1,2,1,2,28,27,tr,sub-11_Run-1_Cond-2_RepCond-1_Vol-2-28-27.nii.gz
sub-11,1,2,2,4,30,27,tr,sub-11_Run-1_Cond-2_RepCond-2_Vol-4-30-27.nii.gz
sub-11,1,3,1,1,27,27,tr,sub-11_Run-1_Cond-3_RepCond-1_Vol-1-27-27.nii.gz
sub-11,1,3,2,0,26,27,tr,sub-11_Run-1_Cond-3_RepCond-2_Vol-0-26-27.nii.gz
sub-11,1,4,1,3,29,27,tr,sub-11_Run-1_Cond-4_RepCond-1_Vol-3-29-27.nii.gz
sub-11,1,4,2,2,28,27,tr,sub-11_Run-1_Cond-4_RepCond-2_Vol-2-28-27.nii.gz
sub-11,2,1,1,3,29,27,tr,sub-11_Run-2_Cond-1_RepCond-1_Vol-3-29-27.nii.gz
sub-11,2,1,2,0,26,27,tr,sub-11_Run-2_Cond-1_RepCond-2_Vol-0-26-27.nii.gz
sub-11,2,2,1,4,30,27,tr,sub-11_Run-2_Cond-2_RepCond-1_Vol-4-30-27.nii.gz
sub-11,2,2,2,2,28,27,tr,sub-11_Run-2_Cond-2_RepCond-2_Vol-2-28-27.nii.gz
sub-11,2,3,1,4,30,27,tr,sub-11_Run-2_Cond-3_RepCond-1_Vol-4-30-27.nii.gz
sub-11,2,3,2,4,30,27,tr,sub-11_Run-2_Cond-3_RepCond-2_Vol-4-30-27.nii.gz
sub-11,2,4,1,3,29,27,tr,sub-11_Run-2_Cond-4_RepCond-1_Vol-3-29-27.nii.gz
sub-11,2,4,2,0,26,27,tr,sub-11_Run-2_Cond-4_RepCond-2_Vol-0-26-27.nii.gz
sub-11,3,1,1,4,30,27,tr,sub-11_Run-3_Cond-1_RepCond-1_Vol-4-30-27.nii.gz
sub-11,3,1,2,1,27,27,tr,sub-11_Run-3_Cond-1_RepCond-2_Vol-1-27-27.nii.gz
sub-11,3,2,1,2,28,27,tr,sub-11_Run-3_Cond-2_RepCond-1_Vol-2-28-27.nii.gz
sub-11,3,2,2,2,28,27,tr,sub-11_Run-3_Cond-2_RepCond-2_Vol-2-28-27.nii.gz
sub-11,3,3,1,3,29,27,tr,sub-11_Run-3_Cond-3_RepCond-1_Vol-3-29-27.nii.gz
sub-11,3,3,2,2,28,27,tr,sub-11_Run-3_Cond-3_RepCond-2_Vol-2-28-27.nii.gz
sub-11,3,4,1,4,30,27,tr,sub-11_Run-3_Cond-4_RepCond-1_Vol-4-30-27.nii.gz
sub-11,3,4,2,4,30,27,tr,sub-11_Run-3_Cond-4_RepCond-2_Vol-4-30-27.nii.gz
sub-11,4,1,1,1,27,27,tr,sub-11_Run-4_Cond-1_RepCond-1_Vol-1-27-27.nii.gz
sub-11,4,1,2,1,27,27,tr,sub-11_Run-4_Cond-1_RepCond-2_Vol-1-27-27.nii.gz
sub-11,4,2,1,0,26,27,tr,sub-11_Run-4_Cond-2_RepCond-1_Vol-0-26-27.nii.gz
sub-11,4,2,2,1,27,27,tr,sub-11_Run-4_Cond-2_RepCond-2_Vol-1-27-27.nii.gz
sub-11,4,3,1,1,27,27,tr,sub-11_Run-4_Cond-3_RepCond-1_Vol-1-27-27.nii.gz
sub-11,4,3,2,3,29,27,tr,sub-11_Run-4_Cond-3_RepCond-2_Vol-3-29-27.nii.gz
sub-11,4,4,1,0,26,27,tr,sub-11_Run-4_Cond-4_RepCond-1_Vol-0-26-27.nii.gz
sub-11,4,4,2,1,27,27,tr,sub-11_Run-4_Cond-4_RepCond-2_Vol-1-27-27.nii.gz
sub-11,5,1,1,2,28,27,tr,sub-11_Run-5_Cond-1_RepCond-1_Vol-2-28-27.nii.gz
sub-11,5,1,2,0,26,27,tr,sub-11_Run-5_Cond-1_RepCond-2_Vol-0-26-27.nii.gz
sub-11,5,2,1,2,28,27,tr,sub-11_Run-5_Cond-2_RepCond-1_Vol-2-28-27.nii.gz
sub-11,5,2,2,1,27,27,tr,sub-11_Run-5_Cond-2_RepCond-2_Vol-1-27-27.nii.gz
sub-11,5,3,1,0,26,27,tr,sub-11_Run-5_Cond-3_RepCond-1_Vol-0-26-27.nii.gz
sub-11,5,3,2,0,26,27,tr,sub-11_Run-5_Cond-3_RepCond-2_Vol-0-26-27.nii.gz
sub-11,5,4,1,1,27,27,tr,sub-11_Run-5_Cond-4_RepCond-1_Vol-1-27-27.nii.gz
sub-11,5,4,2,0,26,27,tr,sub-11_Run-5_Cond-4_RepCond-2_Vol-0-26-27.nii.gz
sub-11,6,1,1,2,28,27,tr,sub-11_Run-6_Cond-1_RepCond-1_Vol-2-28-27.nii.gz
sub-11,6,2,1,0,26,27,tr,sub-11_Run-6_Cond-2_RepCond-1_Vol-0-26-27.nii.gz
sub-11,6,2,2,2,28,27,tr,sub-11_Run-6_Cond-2_RepCond-2_Vol-2-28-27.nii.gz
sub-11,6,3,1,3,29,27,tr,sub-11_Run-6_Cond-3_RepCond-1_Vol-3-29-27.nii.gz
sub-11,6,3,2,3,29,27,tr,sub-11_Run-6_Cond-3_RepCond-2_Vol-3-29-27.nii.gz
sub-11,6,4,1,0,26,27,tr,sub-11_Run-6_Cond-4_RepCond-1_Vol-0-26-27.nii.gz
sub-11,6,4,2,1,27,27,tr,sub-11_Run-6_Cond-4_RepCond-2_Vol-1-27-27.nii.gz
sub-12,1,1,1,1,27,27,tr,sub-12_Run-1_Cond-1_RepCond-1_Vol-1-27-27.nii.gz
sub-12,1,1,2,0,26,27,tr,sub-12_Run-1_Cond-1_RepCond-2_Vol-0-26-27.nii.gz
sub-12,1,2,1,2,28,27,tr,sub-12_Run-1_Cond-2_RepCond-1_Vol-2-28-27.nii.gz
sub-12,1,3,1,2,28,27,tr,sub-12_Run-1_Cond-3_RepCond-1_Vol-2-28-27.nii.gz
sub-12,1,3,2,0,26,27,tr,sub-12_Run-1_Cond-3_RepCond-2_Vol-0-26-27.nii.gz
sub-12,1,4,1,3,29,27,tr,sub-12_Run-1_Cond-4_RepCond-1_Vol-3-29-27.nii.gz
sub-12,1,4,2,0,26,27,tr,sub-12_Run-1_Cond-4_RepCond-2_Vol-0-26-27.nii.gz
sub-12,2,1,1,2,28,27,tr,sub-12_Run-2_Cond-1_RepCond-1_Vol-2-28-27.nii.gz
sub-12,2,1,2,0,26,27,tr,sub-12_Run-2_Cond-1_RepCond-2_Vol-0-26-27.nii.gz
sub-12,2,2,1,4,30,27,tr,sub-12_Run-2_Cond-2_RepCond-1_Vol-4-30-27.nii.gz
sub-12,2,2,2,2,28,27,tr,sub-12_Run-2_Cond-2_RepCond-2_Vol-2-28-27.nii.gz
sub-12,2,3,1,2,28,27,tr,sub-12_Run-2_Cond-3_RepCond-1_Vol-2-28-27.nii.gz
sub-12,2,3,2,0,26,27,tr,sub-12_Run-2_Cond-3_RepCond-2_Vol-0-26-27.nii.gz
sub-12,2,4,1,2,28,27,tr,sub-12_Run-2_Cond-4_RepCond-1_Vol-2-28-27.nii.gz
sub-12,2,4,2,3,29,27,tr,sub-12_Run-2_Cond-4_RepCond-2_Vol-3-29-27.nii.gz
sub-12,3,1,1,3,29,27,tr,sub-12_Run-3_Cond-1_RepCond-1_Vol-3-29-27.nii.gz
sub-12,3,2,1,4,30,27,tr,sub-12_Run-3_Cond-2_RepCond-1_Vol-4-30-27.nii.gz
sub-12,3,2,2,2,28,27,tr,sub-12_Run-3_Cond-2_RepCond-2_Vol-2-28-27.nii.gz
sub-12,3,3,1,3,29,27,tr,sub-12_Run-3_Cond-3_RepCond-1_Vol-3-29-27.nii.gz
sub-12,3,3,2,1,27,27,tr,sub-12_Run-3_Cond-3_RepCond-2_Vol-1-27-27.nii.gz
sub-12,3,4,1,4,30,27,tr,sub-12_Run-3_Cond-4_RepCond-1_Vol-4-30-27.nii.gz
sub-12,3,4,2,2,28,27,tr,sub-12_Run-3_Cond-4_RepCond-2_Vol-2-28-27.nii.gz
sub-12,4,1,1,1,27,27,tr,sub-12_Run-4_Cond-1_RepCond-1_Vol-1-27-27.nii.gz
sub-12,4,2,1,3,29,27,tr,sub-12_Run-4_Cond-2_RepCond-1_Vol-3-29-27.nii.gz
sub-12,4,2,2,1,27,27,tr,sub-12_Run-4_Cond-2_RepCond-2_Vol-1-27-27.nii.gz
sub-12,4,3,1,0,26,27,tr,sub-12_Run-4_Cond-3_RepCond-1_Vol-0-26-27.nii.gz
sub-12,4,3,2,4,30,27,tr,sub-12_Run-4_Cond-3_RepCond-2_Vol-4-30-27.nii.gz
sub-12,4,4,1,3,29,27,tr,sub-12_Run-4_Cond-4_RepCond-1_Vol-3-29-27.nii.gz
sub-12,4,4,2,2,28,27,tr,sub-12_Run-4_Cond-4_RepCond-2_Vol-2-28-27.nii.gz
sub-12,5,1,1,0,26,27,tr,sub-12_Run-5_Cond-1_RepCond-1_Vol-0-26-27.nii.gz
sub-12,5,1,2,4,30,27,tr,sub-12_Run-5_Cond-1_RepCond-2_Vol-4-30-27.nii.gz
sub-12,5,2,1,3,29,27,tr,sub-12_Run-5_Cond-2_RepCond-1_Vol-3-29-27.nii.gz
sub-12,5,2,2,2,28,27,tr,sub-12_Run-5_Cond-2_RepCond-2_Vol-2-28-27.nii.gz
sub-12,5,3,1,0,26,27,tr,sub-12_Run-5_Cond-3_RepCond-1_Vol-0-26-27.nii.gz
sub-12,5,4,1,3,29,27,tr,sub-12_Run-5_Cond-4_RepCond-1_Vol-3-29-27.nii.gz
sub-12,5,4,2,1,27,27,tr,sub-12_Run-5_Cond-4_RepCond-2_Vol-1-27-27.nii.gz
sub-14,1,1,1,0,26,27,tr,sub-14_Run-1_Cond-1_RepCond-1_Vol-0-26-27.nii.gz
sub-14,1,1,2,4,30,27,tr,sub-14_Run-1_Cond-1_RepCond-2_Vol-4-30-27.nii.gz
sub-14,1,2,1,0,26,27,tr,sub-14_Run-1_Cond-2_RepCond-1_Vol-0-26-27.nii.gz
sub-14,1,2,2,3,29,27,tr,sub-14_Run-1_Cond-2_RepCond-2_Vol-3-29-27.nii.gz
sub-14,1,3,1,3,29,27,tr,sub-14_Run-1_Cond-3_RepCond-1_Vol-3-29-27.nii.gz
sub-14,1,3,2,0,26,27,tr,sub-14_Run-1_Cond-3_RepCond-2_Vol-0-26-27.nii.gz
sub-14,1,4,1,4,30,27,tr,sub-14_Run-1_Cond-4_RepCond-1_Vol-4-30-27.nii.gz
sub-14,1,4,2,2,28,27,tr,sub-14_Run-1_Cond-4_RepCond-2_Vol-2-28-27.nii.gz
sub-14,2,1,1,3,29,27,tr,sub-14_Run-2_Cond-1_RepCond-1_Vol-3-29-27.nii.gz
sub-14,2,1,2,2,28,27,tr,sub-14_Run-2_Cond-1_RepCond-2_Vol-2-28-27.nii.gz
sub-14,2,2,1,4,30,27,tr,sub-14_Run-2_Cond-2_RepCond-1_Vol-4-30-27.nii.gz
sub-14,2,3,1,0,26,27,tr,sub-14_Run-2_Cond-3_RepCond-1_Vol-0-26-27.nii.gz
sub-14,2,3,2,0,26,27,tr,sub-14_Run-2_Cond-3_RepCond-2_Vol-0-26-27.nii.gz
sub-14,2,4,1,4,30,27,tr,sub-14_Run-2_Cond-4_RepCond-1_Vol-4-30-27.nii.gz
sub-14,2,4,2,1,27,27,tr,sub-14_Run-2_Cond-4_RepCond-2_Vol-1-27-27.nii.gz
sub-14,3,1,1,1,27,27,tr,sub-14_Run-3_Cond-1_RepCond-1_Vol-1-27-27.nii.gz
sub-14,3,1,2,3,29,27,tr,sub-14_Run-3_Cond-1_RepCond-2_Vol-3-29-27.nii.gz
sub-14,3,2,1,1,27,27,tr,sub-14_Run-3_Cond-2_RepCond-1_Vol-1-27-27.nii.gz
sub-14,3,2,2,0,26,27,tr,sub-14_Run-3_Cond-2_RepCond-2_Vol-0-26-27.nii.gz
sub-14,3,3,1,1,27,27,tr,sub-14_Run-3_Cond-3_RepCond-1_Vol-1-27-27.nii.gz
sub-14,3,3,2,0,26,27,tr,sub-14_Run-3_Cond-3_RepCond-2_Vol-0-26-27.nii.gz
sub-14,3,4,1,0,26,27,tr,sub-14_Run-3_Cond-4_RepCond-1_Vol-0-26-27.nii.gz
sub-14,3,4,2,2,28,27,tr,sub-14_Run-3_Cond-4_RepCond-2_Vol-2-28-27.nii.gz
sub-14,4,1,1,2,28,27,tr,sub-14_Run-4_Cond-1_RepCond-1_Vol-2-28-27.nii.gz
sub-14,4,1,2,2,28,27,tr,sub-14_Run-4_Cond-1_RepCond-2_Vol-2-28-27.nii.gz
sub-14,4,2,1,3,29,27,tr,sub-14_Run-4_Cond-2_RepCond-1_Vol-3-29-27.nii.gz
sub-14,4,2,2,0,26,27,tr,sub-14_Run-4_Cond-2_RepCond-2_Vol-0-26-27.nii.gz
sub-14,4,3,1,1,27,27,tr,sub-14_Run-4_Cond-3_RepCond-1_Vol-1-27-27.nii.gz
sub-14,4,3,2,0,26,27,tr,sub-14_Run-4_Cond-3_RepCond-2_Vol-0-26-27.nii.gz
sub-14,4,4,1,0,26,27,tr,sub-14_Run-4_Cond-4_RepCond-1_Vol-0-26-27.nii.gz
sub-14,4,4,2,1,27,27,tr,sub-14_Run-4_Cond-4_RepCond-2_Vol-1-27-27.nii.gz
sub-14,5,1,1,0,26,27,tr,sub-14_Run-5_Cond-1_RepCond-1_Vol-0-26-27.nii.gz
sub-14,5,2,1,0,26,27,tr,sub-14_Run-5_Cond-2_RepCond-1_Vol-0-26-27.nii.gz
sub-14,5,2,2,3,29,27,tr,sub-14_Run-5_Cond-2_RepCond-2_Vol-3-29-27.nii.gz
sub-14,5,3,1,4,30,27,tr,sub-14_Run-5_Cond-3_RepCond-1_Vol-4-30-27.nii.gz
sub-14,5,3,2,0,26,27,tr,sub-14_Run-5_Cond-3_RepCond-2_Vol-0-26-27.nii.gz
sub-14,5,4,1,2,28,27,tr,sub-14_Run-5_Cond-4_RepCond-1_Vol-2-28-27.nii.gz
sub-14,5,4,2,3,29,27,tr,sub-14_Run-5_Cond-4_RepCond-2_Vol-3-29-27.nii.gz
sub-15,1,1,1,3,29,27,tr,sub-15_Run-1_Cond-1_RepCond-1_Vol-3-29-27.nii.gz
sub-15,1,1,2,2,28,27,tr,sub-15_Run-1_Cond-1_RepCond-2_Vol-2-28-27.nii.gz
sub-15,1,2,1,0,26,27,tr,sub-15_Run-1_Cond-2_RepCond-1_Vol-0-26-27.nii.gz
sub-15,1,2,2,4,30,27,tr,sub-15_Run-1_Cond-2_RepCond-2_Vol-4-30-27.nii.gz
sub-15,1,3,1,0,26,27,tr,sub-15_Run-1_Cond-3_RepCond-1_Vol-0-26-27.nii.gz
sub-15,1,3,2,3,29,27,tr,sub-15_Run-1_Cond-3_RepCond-2_Vol-3-29-27.nii.gz
sub-15,1,4,1,3,29,27,tr,sub-15_Run-1_Cond-4_RepCond-1_Vol-3-29-27.nii.gz
sub-15,1,4,2,0,26,27,tr,sub-15_Run-1_Cond-4_RepCond-2_Vol-0-26-27.nii.gz
sub-15,2,1,1,4,30,27,tr,sub-15_Run-2_Cond-1_RepCond-1_Vol-4-30-27.nii.gz
sub-15,2,1,2,2,28,27,tr,sub-15_Run-2_Cond-1_RepCond-2_Vol-2-28-27.nii.gz
sub-15,2,2,1,1,27,27,tr,sub-15_Run-2_Cond-2_RepCond-1_Vol-1-27-27.nii.gz
sub-15,2,3,1,1,27,27,tr,sub-15_Run-2_Cond-3_RepCond-1_Vol-1-27-27.nii.gz
sub-15,2,3,2,4,30,27,tr,sub-15_Run-2_Cond-3_RepCond-2_Vol-4-30-27.nii.gz
sub-15,2,4,1,0,26,27,tr,sub-15_Run-2_Cond-4_RepCond-1_Vol-0-26-27.nii.gz
sub-15,2,4,2,0,26,27,tr,sub-15_Run-2_Cond-4_RepCond-2_Vol-0-26-27.nii.gz
sub-15,3,1,1,3,29,27,tr,sub-15_Run-3_Cond-1_RepCond-1_Vol-3-29-27.nii.gz
sub-15,3,2,1,1,27,27,tr,sub-15_Run-3_Cond-2_RepCond-1_Vol-1-27-27.nii.gz
sub-15,3,2,2,4,30,27,tr,sub-15_Run-3_Cond-2_RepCond-2_Vol-4-30-27.nii.gz
sub-15,3,3,1,3,29,27,tr,sub-15_Run-3_Cond-3_RepCond-1_Vol-3-29-27.nii.gz
sub-15,3,3,2,0,26,27,tr,sub-15_Run-3_Cond-3_RepCond-2_Vol-0-26-27.nii.gz
sub-15,3,4,1,0,26,27,tr,sub-15_Run-3_Cond-4_RepCond-1_Vol-0-26-27.nii.gz
sub-15,3,4,2,3,29,27,tr,sub-15_Run-3_Cond-4_RepCond-2_Vol-3-29-27.nii.gz
sub-15,4,1,1,4,30,27,tr,sub-15_Run-4_Cond-1_RepCond-1_Vol-4-30-27.nii.gz
sub-15,4,1,2,3,29,27,tr,sub-15_Run-4_Cond-1_RepCond-2_Vol-3-29-27.nii.gz
sub-15,4,2,1,4,30,27,tr,sub-15_Run-4_Cond-2_RepCond-1_Vol-4-30-27.nii.gz
sub-15,4,2,2,4,30,27,tr,sub-15_Run-4_Cond-2_RepCond-2_Vol-4-30-27.nii.gz
sub-15,4,3,1,4,30,27,tr,sub-15_Run-4_Cond-3_RepCond-1_Vol-4-30-27.nii.gz
sub-15,4,3,2,4,30,27,tr,sub-15_Run-4_Cond-3_RepCond-2_Vol-4-30-27.nii.gz
sub-15,4,4,1,2,28,27,tr,sub-15_Run-4_Cond-4_RepCond-1_Vol-2-28-27.nii.gz
sub-15,5,1,1,1,27,27,tr,sub-15_Run-5_Cond-1_RepCond-1_Vol-1-27-27.nii.gz
sub-15,5,1,2,2,28,27,tr,sub-15_Run-5_Cond-1_RepCond-2_Vol-2-28-27.nii.gz
sub-15,5,2,1,3,29,27,tr,sub-15_Run-5_Cond-2_RepCond-1_Vol-3-29-27.nii.gz
sub-15,5,2,2,4,30,27,tr,sub-15_Run-5_Cond-2_RepCond-2_Vol-4-30-27.nii.gz
sub-15,5,3,1,1,27,27,tr,sub-15_Run-5_Cond-3_RepCond-1_Vol-1-27-27.nii.gz
sub-15,5,3,2,0,26,27,tr,sub-15_Run-5_Cond-3_RepCond-2_Vol-0-26-27.nii.gz
sub-15,5,4,1,4,30,27,tr,sub-15_Run-5_Cond-4_RepCond-1_Vol-4-30-27.nii.gz
sub-16,1,1,1,0,26,27,tr,sub-16_Run-1_Cond-1_RepCond-1_Vol-0-26-27.nii.gz
sub-16,1,1,2,2,28,27,tr,sub-16_Run-1_Cond-1_RepCond-2_Vol-2-28-27.nii.gz
sub-16,1,2,1,3,29,27,tr,sub-16_Run-1_Cond-2_RepCond-1_Vol-3-29-27.nii.gz
sub-16,1,2,2,0,26,27,tr,sub-16_Run-1_Cond-2_RepCond-2_Vol-0-26-27.nii.gz
sub-16,1,3,1,3,29,27,tr,sub-16_Run-1_Cond-3_RepCond-1_Vol-3-29-27.nii.gz
sub-16,1,3,2,0,26,27,tr,sub-16_Run-1_Cond-3_RepCond-2_Vol-0-26-27.nii.gz
sub-16,1,4,1,1,27,27,tr,sub-16_Run-1_Cond-4_RepCond-1_Vol-1-27-27.nii.gz
sub-16,1,4,2,0,26,27,tr,sub-16_Run-1_Cond-4_RepCond-2_Vol-0-26-27.nii.gz
sub-16,2,1,1,4,30,27,tr,sub-16_Run-2_Cond-1_RepCond-1_Vol-4-30-27.nii.gz
sub-16,2,1,2,2,28,27,tr,sub-16_Run-2_Cond-1_RepCond-2_Vol-2-28-27.nii.gz
sub-16,2,2,1,4,30,27,tr,sub-16_Run-2_Cond-2_RepCond-1_Vol-4-30-27.nii.gz
sub-16,2,2,2,1,27,27,tr,sub-16_Run-2_Cond-2_RepCond-2_Vol-1-27-27.nii.gz
sub-16,2,3,1,0,26,27,tr,sub-16_Run-2_Cond-3_RepCond-1_Vol-0-26-27.nii.gz
sub-16,2,3,2,3,29,27,tr,sub-16_Run-2_Cond-3_RepCond-2_Vol-3-29-27.nii.gz
sub-16,2,4,1,1,27,27,tr,sub-16_Run-2_Cond-4_RepCond-1_Vol-1-27-27.nii.gz
sub-16,3,1,1,2,28,27,tr,sub-16_Run-3_Cond-1_RepCond-1_Vol-2-28-27.nii.gz
sub-16,3,1,2,2,28,27,tr,sub-16_Run-3_Cond-1_RepCond-2_Vol-2-28-27.nii.gz
sub-16,3,2,1,4,30,27,tr,sub-16_Run-3_Cond-2_RepCond-1_Vol-4-30-27.nii.gz
sub-16,3,2,2,1,27,27,tr,sub-16_Run-3_Cond-2_RepCond-2_Vol-1-27-27.nii.gz
sub-16,3,3,1,4,30,27,tr,sub-16_Run-3_Cond-3_RepCond-1_Vol-4-30-27.nii.gz
sub-16,3,3,2,0,26,27,tr,sub-16_Run-3_Cond-3_RepCond-2_Vol-0-26-27.nii.gz
sub-16,3,4,1,3,29,27,tr,sub-16_Run-3_Cond-4_RepCond-1_Vol-3-29-27.nii.gz
sub-16,3,4,2,3,29,27,tr,sub-16_Run-3_Cond-4_RepCond-2_Vol-3-29-27.nii.gz
sub-16,4,1,1,2,28,27,tr,sub-16_Run-4_Cond-1_RepCond-1_Vol-2-28-27.nii.gz
sub-16,4,1,2,0,26,27,tr,sub-16_Run-4_Cond-1_RepCond-2_Vol-0-26-27.nii.gz
sub-16,4,2,1,2,28,27,tr,sub-16_Run-4_Cond-2_RepCond-1_Vol-2-28-27.nii.gz
sub-16,4,2,2,4,30,27,tr,sub-16_Run-4_Cond-2_RepCond-2_Vol-4-30-27.nii.gz
sub-16,4,3,1,1,27,27,tr,sub-16_Run-4_Cond-3_RepCond-1_Vol-1-27-27.nii.gz
sub-16,4,3,2,1,27,27,tr,sub-16_Run-4_Cond-3_RepCond-2_Vol-1-27-27.nii.gz
sub-16,4,4,1,3,29,27,tr,sub-16_Run-4_Cond-4_RepCond-1_Vol-3-29-27.nii.gz
sub-16,4,4,2,1,27,27,tr,sub-16_Run-4_Cond-4_RepCond-2_Vol-1-27-27.nii.gz
sub-16,5,1,1,4,30,27,tr,sub-16_Run-5_Cond-1_RepCond-1_Vol-4-30-27.nii.gz
sub-16,5,1,2,2,28,27,tr,sub-16_Run-5_Cond-1_RepCond-2_Vol-2-28-27.nii.gz
sub-16,5,2,1,0,26,27,tr,sub-16_Run-5_Cond-2_RepCond-1_Vol-0-26-27.nii.gz
sub-16,5,3,1,4,30,27,tr,sub-16_Run-5_Cond-3_RepCond-1_Vol-4-30-27.nii.gz
sub-16,5,3,2,3,29,27,tr,sub-16_Run-5_Cond-3_RepCond-2_Vol-3-29-27.nii.gz
sub-16,5,4,1,4,30,27,tr,sub-16_Run-5_Cond-4_RepCond-1_Vol-4-30-27.nii.gz
sub-16,5,4,2,3,29,27,tr,sub-16_Run-5_Cond-4_RepCond-2_Vol-3-29-27.nii.gz
sub-18,1,1,1,2,28,27,tr,sub-18_Run-1_Cond-1_RepCond-1_Vol-2-28-27.nii.gz
sub-18,1,2,1,2,28,27,tr,sub-18_Run-1_Cond-2_RepCond-1_Vol-2-28-27.nii.gz
sub-18,1,2,2,0,26,27,tr,sub-18_Run-1_Cond-2_RepCond-2_Vol-0-26-27.nii.gz
sub-18,1,3,1,2,28,27,tr,sub-18_Run-1_Cond-3_RepCond-1_Vol-2-28-27.nii.gz
sub-18,1,3,2,2,28,27,tr,sub-18_Run-1_Cond-3_RepCond-2_Vol-2-28-27.nii.gz
sub-18,1,4,1,4,30,27,tr,sub-18_Run-1_Cond-4_RepCond-1_Vol-4-30-27.nii.gz
sub-18,1,4,2,4,30,27,tr,sub-18_Run-1_Cond-4_RepCond-2_Vol-4-30-27.nii.gz
sub-18,2,1,1,3,29,27,tr,sub-18_Run-2_Cond-1_RepCond-1_Vol-3-29-27.nii.gz
sub-18,2,1,2,2,28,27,tr,sub-18_Run-2_Cond-1_RepCond-2_Vol-2-28-27.nii.gz
sub-18,2,2,1,3,29,27,tr,sub-18_Run-2_Cond-2_RepCond-1_Vol-3-29-27.nii.gz
sub-18,2,2,2,3,29,27,tr,sub-18_Run-2_Cond-2_RepCond-2_Vol-3-29-27.nii.gz
sub-18,2,3,1,4,30,27,tr,sub-18_Run-2_Cond-3_RepCond-1_Vol-4-30-27.nii.gz
sub-18,2,3,2,1,27,27,tr,sub-18_Run-2_Cond-3_RepCond-2_Vol-1-27-27.nii.gz
sub-18,2,4,1,2,28,27,tr,sub-18_Run-2_Cond-4_RepCond-1_Vol-2-28-27.nii.gz
sub-18,3,1,1,3,29,27,tr,sub-18_Run-3_Cond-1_RepCond-1_Vol-3-29-27.nii.gz
sub-18,3,1,2,0,26,27,tr,sub-18_Run-3_Cond-1_RepCond-2_Vol-0-26-27.nii.gz
sub-18,3,2,1,0,26,27,tr,sub-18_Run-3_Cond-2_RepCond-1_Vol-0-26-27.nii.gz
sub-18,3,2,2,4,30,27,tr,sub-18_Run-3_Cond-2_RepCond-2_Vol-4-30-27.nii.gz
sub-18,3,3,1,4,30,27,tr,sub-18_Run-3_Cond-3_RepCond-1_Vol-4-30-27.nii.gz
sub-18,3,3,2,4,30,27,tr,sub-18_Run-3_Cond-3_RepCond-2_Vol-4-30-27.nii.gz
sub-18,3,4,1,3,29,27,tr,sub-18_Run-3_Cond-4_RepCond-1_Vol-3-29-27.nii.gz
sub-18,3,4,2,1,27,27,tr,sub-18_Run-3_Cond-4_RepCond-2_Vol-1-27-27.nii.gz
sub-18,4,1,1,2,28,27,tr,sub-18_Run-4_Cond-1_RepCond-1_Vol-2-28-27.nii.gz
sub-18,4,1,2,2,28,27,tr,sub-18_Run-4_Cond-1_RepCond-2_Vol-2-28-27.nii.gz
sub-18,4,2,1,3,29,27,tr,sub-18_Run-4_Cond-2_RepCond-1_Vol-3-29-27.nii.gz
sub-18,4,2,2,1,27,27,tr,sub-18_Run-4_Cond-2_RepCond-2_Vol-1-27-27.nii.gz
sub-18,4,3,1,0,26,27,tr,sub-18_Run-4_Cond-3_RepCond-1_Vol-0-26-27.nii.gz
sub-18,4,3,2,0,26,27,tr,sub-18_Run-4_Cond-3_RepCond-2_Vol-0-26-27.nii.gz
sub-18,4,4,1,4,30,27,tr,sub-18_Run-4_Cond-4_RepCond-1_Vol-4-30-27.nii.gz
sub-18,4,4,2,1,27,27,tr,sub-18_Run-4_Cond-4_RepCond-2_Vol-1-27-27.nii.gz
sub-18,5,1,1,3,29,27,tr,sub-18_Run-5_Cond-1_RepCond-1_Vol-3-29-27.nii.gz
sub-18,5,1,2,0,26,27,tr,sub-18_Run-5_Cond-1_RepCond-2_Vol-0-26-27.nii.gz
sub-18,5,2,1,0,26,27,tr,sub-18_Run-5_Cond-2_RepCond-1_Vol-0-26-27.nii.gz
sub-18,5,2,2,3,29,27,tr,sub-18_Run-5_Cond-2_RepCond-2_Vol-3-29-27.nii.gz
sub-18,5,3,1,1,27,27,tr,sub-18_Run-5_Cond-3_RepCond-1_Vol-1-27-27.nii.gz
sub-18,5,3,2,1,27,27,tr,sub-18_Run-5_Cond-3_RepCond-2_Vol-1-27-27.nii.gz
sub-18,5,4,1,4,30,27,tr,sub-18_Run-5_Cond-4_RepCond-1_Vol-4-30-27.nii.gz
sub-18,5,4,2,1,27,27,tr,sub-18_Run-5_Cond-4_RepCond-2_Vol-1-27-27.nii.gz
sub-19,1,1,1,0,26,27,tr,sub-19_Run-1_Cond-1_RepCond-1_Vol-0-26-27.nii.gz
sub-19,1,1,2,1,27,27,tr,sub-19_Run-1_Cond-1_RepCond-2_Vol-1-27-27.nii.gz
sub-19,1,2,1,1,27,27,tr,sub-19_Run-1_Cond-2_RepCond-1_Vol-1-27-27.nii.gz
sub-19,1,2,2,4,30,27,tr,sub-19_Run-1_Cond-2_RepCond-2_Vol-4-30-27.nii.gz
sub-19,1,3,1,4,30,27,tr,sub-19_Run-1_Cond-3_RepCond-1_Vol-4-30-27.nii.gz
sub-19,1,3,2,0,26,27,tr,sub-19_Run-1_Cond-3_RepCond-2_Vol-0-26-27.nii.gz
sub-19,1,4,1,3,29,27,tr,sub-19_Run-1_Cond-4_RepCond-1_Vol-3-29-27.nii.gz
sub-19,1,4,2,2,28,27,tr,sub-19_Run-1_Cond-4_RepCond-2_Vol-2-28-27.nii.gz
sub-19,2,1,1,0,26,27,tr,sub-19_Run-2_Cond-1_RepCond-1_Vol-0-26-27.nii.gz
sub-19,2,1,2,3,29,27,tr,sub-19_Run-2_Cond-1_RepCond-2_Vol-3-29-27.nii.gz
sub-19,2,2,1,2,28,27,tr,sub-19_Run-2_Cond-2_RepCond-1_Vol-2-28-27.nii.gz
sub-19,2,2,2,0,26,27,tr,sub-19_Run-2_Cond-2_RepCond-2_Vol-0-26-27.nii.gz
sub-19,2,3,1,4,30,27,tr,sub-19_Run-2_Cond-3_RepCond-1_Vol-4-30-27.nii.gz
sub-19,2,3,2,3,29,27,tr,sub-19_Run-2_Cond-3_RepCond-2_Vol-3-29-27.nii.gz
sub-19,2,4,1,0,26,27,tr,sub-19_Run-2_Cond-4_RepCond-1_Vol-0-26-27.nii.gz
sub-19,2,4,2,2,28,27,tr,sub-19_Run-2_Cond-4_RepCond-2_Vol-2-28-27.nii.gz
sub-19,3,1,1,4,30,27,tr,sub-19_Run-3_Cond-1_RepCond-1_Vol-4-30-27.nii.gz
sub-19,3,1,2,2,28,27,tr,sub-19_Run-3_Cond-1_RepCond-2_Vol-2-28-27.nii.gz
sub-19,3,2,1,1,27,27,tr,sub-19_Run-3_Cond-2_RepCond-1_Vol-1-27-27.nii.gz
sub-19,3,2,2,1,27,27,tr,sub-19_Run-3_Cond-2_RepCond-2_Vol-1-27-27.nii.gz
sub-19,3,3,1,3,29,27,tr,sub-19_Run-3_Cond-3_RepCond-1_Vol-3-29-27.nii.gz
sub-19,3,3,2,2,28,27,tr,sub-19_Run-3_Cond-3_RepCond-2_Vol-2-28-27.nii.gz
sub-19,3,4,1,1,27,27,tr,sub-19_Run-3_Cond-4_RepCond-1_Vol-1-27-27.nii.gz
sub-19,3,4,2,0,26,27,tr,sub-19_Run-3_Cond-4_RepCond-2_Vol-0-26-27.nii.gz
sub-19,4,1,1,1,27,27,tr,sub-19_Run-4_Cond-1_RepCond-1_Vol-1-27-27.nii.gz
sub-19,4,1,2,0,26,27,tr,sub-19_Run-4_Cond-1_RepCond-2_Vol-0-26-27.nii.gz
sub-19,4,2,1,1,27,27,tr,sub-19_Run-4_Cond-2_RepCond-1_Vol-1-27-27.nii.gz
sub-19,4,2,2,2,28,27,tr,sub-19_Run-4_Cond-2_RepCond-2_Vol-2-28-27.nii.gz
sub-19,4,3,1,2,28,27,tr,sub-19_Run-4_Cond-3_RepCond-1_Vol-2-28-27.nii.gz
sub-19,4,3,2,3,29,27,tr,sub-19_Run-4_Cond-3_RepCond-2_Vol-3-29-27.nii.gz
sub-19,4,4,1,4,30,27,tr,sub-19_Run-4_Cond-4_RepCond-1_Vol-4-30-27.nii.gz
sub-19,4,4,2,0,26,27,tr,sub-19_Run-4_Cond-4_RepCond-2_Vol-0-26-27.nii.gz
sub-19,5,1,1,2,28,27,tr,sub-19_Run-5_Cond-1_RepCond-1_Vol-2-28-27.nii.gz
sub-19,5,1,2,0,26,27,tr,sub-19_Run-5_Cond-1_RepCond-2_Vol-0-26-27.nii.gz
sub-19,5,2,1,0,26,27,tr,sub-19_Run-5_Cond-2_RepCond-1_Vol-0-26-27.nii.gz
sub-19,5,2,2,0,26,27,tr,sub-19_Run-5_Cond-2_RepCond-2_Vol-0-26-27.nii.gz
sub-19,5,3,1,0,26,27,tr,sub-19_Run-5_Cond-3_RepCond-1_Vol-0-26-27.nii.gz
sub-19,5,3,2,0,26,27,tr,sub-19_Run-5_Cond-3_RepCond-2_Vol-0-26-27.nii.gz
sub-19,5,4,1,4,30,27,tr,sub-19_Run-5_Cond-4_RepCond-1_Vol-4-30-27.nii.gz
sub-19,5,4,2,3,29,27,tr,sub-19_Run-5_Cond-4_RepCond-2_Vol-3-29-27.nii.gz
sub-20,1,1,1,4,30,27,tr,sub-20_Run-1_Cond-1_RepCond-1_Vol-4-30-27.nii.gz
sub-20,1,2,1,3,29,27,tr,sub-20_Run-1_Cond-2_RepCond-1_Vol-3-29-27.nii.gz
sub-20,1,2,2,3,29,27,tr,sub-20_Run-1_Cond-2_RepCond-2_Vol-3-29-27.nii.gz
sub-20,1,3,1,0,26,27,tr,sub-20_Run-1_Cond-3_RepCond-1_Vol-0-26-27.nii.gz
sub-20,1,3,2,2,28,27,tr,sub-20_Run-1_Cond-3_RepCond-2_Vol-2-28-27.nii.gz
sub-20,1,4,1,2,28,27,tr,sub-20_Run-1_Cond-4_RepCond-1_Vol-2-28-27.nii.gz
sub-20,1,4,2,1,27,27,tr,sub-20_Run-1_Cond-4_RepCond-2_Vol-1-27-27.nii.gz
sub-20,2,1,1,1,27,27,tr,sub-20_Run-2_Cond-1_RepCond-1_Vol-1-27-27.nii.gz
sub-20,2,2,1,4,30,27,tr,sub-20_Run-2_Cond-2_RepCond-1_Vol-4-30-27.nii.gz
sub-20,2,2,2,3,29,27,tr,sub-20_Run-2_Cond-2_RepCond-2_Vol-3-29-27.nii.gz
sub-20,2,3,1,3,29,27,tr,sub-20_Run-2_Cond-3_RepCond-1_Vol-3-29-27.nii.gz
sub-20,2,3,2,3,29,27,tr,sub-20_Run-2_Cond-3_RepCond-2_Vol-3-29-27.nii.gz
sub-20,2,4,1,4,30,27,tr,sub-20_Run-2_Cond-4_RepCond-1_Vol-4-30-27.nii.gz
sub-20,2,4,2,1,27,27,tr,sub-20_Run-2_Cond-4_RepCond-2_Vol-1-27-27.nii.gz
sub-20,3,1,1,0,26,27,tr,sub-20_Run-3_Cond-1_RepCond-1_Vol-0-26-27.nii.gz
sub-20,3,1,2,3,29,27,tr,sub-20_Run-3_Cond-1_RepCond-2_Vol-3-29-27.nii.gz
sub-20,3,2,1,3,29,27,tr,sub-20_Run-3_Cond-2_RepCond-1_Vol-3-29-27.nii.gz
sub-20,3,3,1,4,30,27,tr,sub-20_Run-3_Cond-3_RepCond-1_Vol-4-30-27.nii.gz
sub-20,3,3,2,4,30,27,tr,sub-20_Run-3_Cond-3_RepCond-2_Vol-4-30-27.nii.gz
sub-20,3,4,1,4,30,27,tr,sub-20_Run-3_Cond-4_RepCond-1_Vol-4-30-27.nii.gz
sub-20,3,4,2,2,28,27,tr,sub-20_Run-3_Cond-4_RepCond-2_Vol-2-28-27.nii.gz
sub-20,4,1,1,1,27,27,tr,sub-20_Run-4_Cond-1_RepCond-1_Vol-1-27-27.nii.gz
sub-20,4,2,1,2,28,27,tr,sub-20_Run-4_Cond-2_RepCond-1_Vol-2-28-27.nii.gz
sub-20,4,2,2,1,27,27,tr,sub-20_Run-4_Cond-2_RepCond-2_Vol-1-27-27.nii.gz
sub-20,4,3,1,3,29,27,tr,sub-20_Run-4_Cond-3_RepCond-1_Vol-3-29-27.nii.gz
sub-20,4,3,2,3,29,27,tr,sub-20_Run-4_Cond-3_RepCond-2_Vol-3-29-27.nii.gz
sub-20,4,4,1,1,27,27,tr,sub-20_Run-4_Cond-4_RepCond-1_Vol-1-27-27.nii.gz
sub-20,4,4,2,3,29,27,tr,sub-20_Run-4_Cond-4_RepCond-2_Vol-3-29-27.nii.gz
sub-20,5,1,1,4,30,27,tr,sub-20_Run-5_Cond-1_RepCond-1_Vol-4-30-27.nii.gz
sub-20,5,1,2,3,29,27,tr,sub-20_Run-5_Cond-1_RepCond-2_Vol-3-29-27.nii.gz
sub-20,5,2,1,0,26,27,tr,sub-20_Run-5_Cond-2_RepCond-1_Vol-0-26-27.nii.gz
sub-20,5,3,1,1,27,27,tr,sub-20_Run-5_Cond-3_RepCond-1_Vol-1-27-27.nii.gz
sub-20,5,3,2,2,28,27,tr,sub-20_Run-5_Cond-3_RepCond-2_Vol-2-28-27.nii.gz
sub-20,5,4,1,0,26,27,tr,sub-20_Run-5_Cond-4_RepCond-1_Vol-0-26-27.nii.gz
sub-20,5,4,2,2,28,27,tr,sub-20_Run-5_Cond-4_RepCond-2_Vol-2-28-27.nii.gz
sub-21,1,1,1,2,28,27,tr,sub-21_Run-1_Cond-1_RepCond-1_Vol-2-28-27.nii.gz
sub-21,1,1,2,1,27,27,tr,sub-21_Run-1_Cond-1_RepCond-2_Vol-1-27-27.nii.gz
sub-21,1,2,1,3,29,27,tr,sub-21_Run-1_Cond-2_RepCond-1_Vol-3-29-27.nii.gz
sub-21,1,2,2,3,29,27,tr,sub-21_Run-1_Cond-2_RepCond-2_Vol-3-29-27.nii.gz
sub-21,1,3,1,1,27,27,tr,sub-21_Run-1_Cond-3_RepCond-1_Vol-1-27-27.nii.gz
sub-21,1,3,2,4,30,27,tr,sub-21_Run-1_Cond-3_RepCond-2_Vol-4-30-27.nii.gz
sub-21,1,4,1,2,28,27,tr,sub-21_Run-1_Cond-4_RepCond-1_Vol-2-28-27.nii.gz
sub-21,1,4,2,2,28,27,tr,sub-21_Run-1_Cond-4_RepCond-2_Vol-2-28-27.nii.gz
sub-21,2,1,1,0,26,27,tr,sub-21_Run-2_Cond-1_RepCond-1_Vol-0-26-27.nii.gz
sub-21,2,1,2,0,26,27,tr,sub-21_Run-2_Cond-1_RepCond-2_Vol-0-26-27.nii.gz
sub-21,2,2,1,2,28,27,tr,sub-21_Run-2_Cond-2_RepCond-1_Vol-2-28-27.nii.gz
sub-21,2,2,2,1,27,27,tr,sub-21_Run-2_Cond-2_RepCond-2_Vol-1-27-27.nii.gz
sub-21,2,3,1,0,26,27,tr,sub-21_Run-2_Cond-3_RepCond-1_Vol-0-26-27.nii.gz
sub-21,2,3,2,3,29,27,tr,sub-21_Run-2_Cond-3_RepCond-2_Vol-3-29-27.nii.gz
sub-21,2,4,1,2,28,27,tr,sub-21_Run-2_Cond-4_RepCond-1_Vol-2-28-27.nii.gz
sub-21,2,4,2,1,27,27,tr,sub-21_Run-2_Cond-4_RepCond-2_Vol-1-27-27.nii.gz
sub-21,3,1,1,3,29,27,tr,sub-21_Run-3_Cond-1_RepCond-1_Vol-3-29-27.nii.gz
sub-21,3,1,2,0,26,27,tr,sub-21_Run-3_Cond-1_RepCond-2_Vol-0-26-27.nii.gz
sub-21,3,2,1,3,29,27,tr,sub-21_Run-3_Cond-2_RepCond-1_Vol-3-29-27.nii.gz
sub-21,3,2,2,4,30,27,tr,sub-21_Run-3_Cond-2_RepCond-2_Vol-4-30-27.nii.gz
sub-21,3,3,1,1,27,27,tr,sub-21_Run-3_Cond-3_RepCond-1_Vol-1-27-27.nii.gz
sub-21,3,4,1,0,26,27,tr,sub-21_Run-3_Cond-4_RepCond-1_Vol-0-26-27.nii.gz
sub-21,3,4,2,0,26,27,tr,sub-21_Run-3_Cond-4_RepCond-2_Vol-0-26-27.nii.gz
sub-21,4,1,1,2,28,27,tr,sub-21_Run-4_Cond-1_RepCond-1_Vol-2-28-27.nii.gz
sub-21,4,1,2,3,29,27,tr,sub-21_Run-4_Cond-1_RepCond-2_Vol-3-29-27.nii.gz
sub-21,4,2,1,3,29,27,tr,sub-21_Run-4_Cond-2_RepCond-1_Vol-3-29-27.nii.gz
sub-21,4,2,2,3,29,27,tr,sub-21_Run-4_Cond-2_RepCond-2_Vol-3-29-27.nii.gz
sub-21,4,3,1,2,28,27,tr,sub-21_Run-4_Cond-3_RepCond-1_Vol-2-28-27.nii.gz
sub-21,4,3,2,1,27,27,tr,sub-21_Run-4_Cond-3_RepCond-2_Vol-1-27-27.nii.gz
sub-21,4,4,1,1,27,27,tr,sub-21_Run-4_Cond-4_RepCond-1_Vol-1-27-27.nii.gz
sub-21,4,4,2,1,27,27,tr,sub-21_Run-4_Cond-4_RepCond-2_Vol-1-27-27.nii.gz
sub-21,5,1,1,0,26,27,tr,sub-21_Run-5_Cond-1_RepCond-1_Vol-0-26-27.nii.gz
sub-21,5,2,1,1,27,27,tr,sub-21_Run-5_Cond-2_RepCond-1_Vol-1-27-27.nii.gz
sub-21,5,2,2,3,29,27,tr,sub-21_Run-5_Cond-2_RepCond-2_Vol-3-29-27.nii.gz
sub-21,5,3,1,0,26,27,tr,sub-21_Run-5_Cond-3_RepCond-1_Vol-0-26-27.nii.gz
sub-21,5,3,2,2,28,27,tr,sub-21_Run-5_Cond-3_RepCond-2_Vol-2-28-27.nii.gz
sub-21,5,4,1,2,28,27,tr,sub-21_Run-5_Cond-4_RepCond-1_Vol-2-28-27.nii.gz
sub-21,5,4,2,4,30,27,tr,sub-21_Run-5_Cond-4_RepCond-2_Vol-4-30-27.nii.gz
sub-23,1,1,1,3,29,27,tr,sub-23_Run-1_Cond-1_RepCond-1_Vol-3-29-27.nii.gz
sub-23,1,1,2,0,26,27,tr,sub-23_Run-1_Cond-1_RepCond-2_Vol-0-26-27.nii.gz
sub-23,1,2,1,0,26,27,tr,sub-23_Run-1_Cond-2_RepCond-1_Vol-0-26-27.nii.gz
sub-23,1,2,2,4,30,27,tr,sub-23_Run-1_Cond-2_RepCond-2_Vol-4-30-27.nii.gz
sub-23,1,3,1,2,28,27,tr,sub-23_Run-1_Cond-3_RepCond-1_Vol-2-28-27.nii.gz
sub-23,1,3,2,3,29,27,tr,sub-23_Run-1_Cond-3_RepCond-2_Vol-3-29-27.nii.gz
sub-23,1,4,1,0,26,27,tr,sub-23_Run-1_Cond-4_RepCond-1_Vol-0-26-27.nii.gz
sub-23,1,4,2,2,28,27,tr,sub-23_Run-1_Cond-4_RepCond-2_Vol-2-28-27.nii.gz
sub-23,2,1,1,0,26,27,tr,sub-23_Run-2_Cond-1_RepCond-1_Vol-0-26-27.nii.gz
sub-23,2,1,2,1,27,27,tr,sub-23_Run-2_Cond-1_RepCond-2_Vol-1-27-27.nii.gz
sub-23,2,2,1,4,30,27,tr,sub-23_Run-2_Cond-2_RepCond-1_Vol-4-30-27.nii.gz
sub-23,2,2,2,1,27,27,tr,sub-23_Run-2_Cond-2_RepCond-2_Vol-1-27-27.nii.gz
sub-23,2,3,1,4,30,27,tr,sub-23_Run-2_Cond-3_RepCond-1_Vol-4-30-27.nii.gz
sub-23,2,3,2,3,29,27,tr,sub-23_Run-2_Cond-3_RepCond-2_Vol-3-29-27.nii.gz
sub-23,2,4,1,2,28,27,tr,sub-23_Run-2_Cond-4_RepCond-1_Vol-2-28-27.nii.gz
sub-23,2,4,2,2,28,27,tr,sub-23_Run-2_Cond-4_RepCond-2_Vol-2-28-27.nii.gz
sub-23,3,1,1,3,29,27,tr,sub-23_Run-3_Cond-1_RepCond-1_Vol-3-29-27.nii.gz
sub-23,3,1,2,0,26,27,tr,sub-23_Run-3_Cond-1_RepCond-2_Vol-0-26-27.nii.gz
sub-23,3,2,1,3,29,27,tr,sub-23_Run-3_Cond-2_RepCond-1_Vol-3-29-27.nii.gz
sub-23,3,2,2,1,27,27,tr,sub-23_Run-3_Cond-2_RepCond-2_Vol-1-27-27.nii.gz
sub-23,3,3,1,2,28,27,tr,sub-23_Run-3_Cond-3_RepCond-1_Vol-2-28-27.nii.gz
sub-23,3,3,2,0,26,27,tr,sub-23_Run-3_Cond-3_RepCond-2_Vol-0-26-27.nii.gz
sub-23,3,4,1,2,28,27,tr,sub-23_Run-3_Cond-4_RepCond-1_Vol-2-28-27.nii.gz
sub-23,3,4,2,4,30,27,tr,sub-23_Run-3_Cond-4_RepCond-2_Vol-4-30-27.nii.gz
sub-23,4,1,1,0,26,27,tr,sub-23_Run-4_Cond-1_RepCond-1_Vol-0-26-27.nii.gz
sub-23,4,1,2,3,29,27,tr,sub-23_Run-4_Cond-1_RepCond-2_Vol-3-29-27.nii.gz
sub-23,4,2,1,3,29,27,tr,sub-23_Run-4_Cond-2_RepCond-1_Vol-3-29-27.nii.gz
sub-23,4,2,2,1,27,27,tr,sub-23_Run-4_Cond-2_RepCond-2_Vol-1-27-27.nii.gz
sub-23,4,3,1,0,26,27,tr,sub-23_Run-4_Cond-3_RepCond-1_Vol-0-26-27.nii.gz
sub-23,4,3,2,0,26,27,tr,sub-23_Run-4_Cond-3_RepCond-2_Vol-0-26-27.nii.gz
sub-23,4,4,1,1,27,27,tr,sub-23_Run-4_Cond-4_RepCond-1_Vol-1-27-27.nii.gz
sub-23,4,4,2,2,28,27,tr,sub-23_Run-4_Cond-4_RepCond-2_Vol-2-28-27.nii.gz
sub-23,5,1,1,3,29,27,tr,sub-23_Run-5_Cond-1_RepCond-1_Vol-3-29-27.nii.gz
sub-23,5,1,2,3,29,27,tr,sub-23_Run-5_Cond-1_RepCond-2_Vol-3-29-27.nii.gz
sub-23,5,2,1,4,30,27,tr,sub-23_Run-5_Cond-2_RepCond-1_Vol-4-30-27.nii.gz
sub-23,5,2,2,2,28,27,tr,sub-23_Run-5_Cond-2_RepCond-2_Vol-2-28-27.nii.gz
sub-23,5,3,1,3,29,27,tr,sub-23_Run-5_Cond-3_RepCond-1_Vol-3-29-27.nii.gz
sub-23,5,3,2,3,29,27,tr,sub-23_Run-5_Cond-3_RepCond-2_Vol-3-29-27.nii.gz
sub-23,5,4,1,1,27,27,tr,sub-23_Run-5_Cond-4_RepCond-1_Vol-1-27-27.nii.gz
sub-23,5,4,2,0,26,27,tr,sub-23_Run-5_Cond-4_RepCond-2_Vol-0-26-27.nii.gz
sub-24,1,1,1,2,28,27,tr,sub-24_Run-1_Cond-1_RepCond-1_Vol-2-28-27.nii.gz
sub-24,1,1,2,3,29,27,tr,sub-24_Run-1_Cond-1_RepCond-2_Vol-3-29-27.nii.gz
sub-24,1,2,1,1,27,27,tr,sub-24_Run-1_Cond-2_RepCond-1_Vol-1-27-27.nii.gz
sub-24,1,2,2,0,26,27,tr,sub-24_Run-1_Cond-2_RepCond-2_Vol-0-26-27.nii.gz
sub-24,1,3,1,4,30,27,tr,sub-24_Run-1_Cond-3_RepCond-1_Vol-4-30-27.nii.gz
sub-24,1,3,2,1,27,27,tr,sub-24_Run-1_Cond-3_RepCond-2_Vol-1-27-27.nii.gz
sub-24,1,4,1,3,29,27,tr,sub-24_Run-1_Cond-4_RepCond-1_Vol-3-29-27.nii.gz
sub-24,2,1,1,4,30,27,tr,sub-24_Run-2_Cond-1_RepCond-1_Vol-4-30-27.nii.gz
sub-24,2,1,2,0,26,27,tr,sub-24_Run-2_Cond-1_RepCond-2_Vol-0-26-27.nii.gz
sub-24,2,2,1,3,29,27,tr,sub-24_Run-2_Cond-2_RepCond-1_Vol-3-29-27.nii.gz
sub-24,2,2,2,1,27,27,tr,sub-24_Run-2_Cond-2_RepCond-2_Vol-1-27-27.nii.gz
sub-24,2,3,1,2,28,27,tr,sub-24_Run-2_Cond-3_RepCond-1_Vol-2-28-27.nii.gz
sub-24,2,3,2,0,26,27,tr,sub-24_Run-2_Cond-3_RepCond-2_Vol-0-26-27.nii.gz
sub-24,2,4,1,3,29,27,tr,sub-24_Run-2_Cond-4_RepCond-1_Vol-3-29-27.nii.gz
sub-24,2,4,2,4,30,27,tr,sub-24_Run-2_Cond-4_RepCond-2_Vol-4-30-27.nii.gz
sub-24,3,1,1,1,27,27,tr,sub-24_Run-3_Cond-1_RepCond-1_Vol-1-27-27.nii.gz
sub-24,3,1,2,2,28,27,tr,sub-24_Run-3_Cond-1_RepCond-2_Vol-2-28-27.nii.gz
sub-24,3,2,1,2,28,27,tr,sub-24_Run-3_Cond-2_RepCond-1_Vol-2-28-27.nii.gz
sub-24,3,2,2,2,28,27,tr,sub-24_Run-3_Cond-2_RepCond-2_Vol-2-28-27.nii.gz
sub-24,3,3,1,4,30,27,tr,sub-24_Run-3_Cond-3_RepCond-1_Vol-4-30-27.nii.gz
sub-24,3,3,2,0,26,27,tr,sub-24_Run-3_Cond-3_RepCond-2_Vol-0-26-27.nii.gz
sub-24,3,4,1,4,30,27,tr,sub-24_Run-3_Cond-4_RepCond-1_Vol-4-30-27.nii.gz
sub-24,3,4,2,2,28,27,tr,sub-24_Run-3_Cond-4_RepCond-2_Vol-2-28-27.nii.gz
sub-24,4,1,1,4,30,27,tr,sub-24_Run-4_Cond-1_RepCond-1_Vol-4-30-27.nii.gz
sub-24,4,1,2,0,26,27,tr,sub-24_Run-4_Cond-1_RepCond-2_Vol-0-26-27.nii.gz
sub-24,4,2,1,4,30,27,tr,sub-24_Run-4_Cond-2_RepCond-1_Vol-4-30-27.nii.gz
sub-24,4,2,2,4,30,27,tr,sub-24_Run-4_Cond-2_RepCond-2_Vol-4-30-27.nii.gz
sub-24,4,3,1,1,27,27,tr,sub-24_Run-4_Cond-3_RepCond-1_Vol-1-27-27.nii.gz
sub-24,4,3,2,1,27,27,tr,sub-24_Run-4_Cond-3_RepCond-2_Vol-1-27-27.nii.gz
sub-24,4,4,1,0,26,27,tr,sub-24_Run-4_Cond-4_RepCond-1_Vol-0-26-27.nii.gz
sub-24,4,4,2,1,27,27,tr,sub-24_Run-4_Cond-4_RepCond-2_Vol-1-27-27.nii.gz
sub-24,5,1,1,3,29,27,tr,sub-24_Run-5_Cond-1_RepCond-1_Vol-3-29-27.nii.gz
sub-24,5,1,2,4,30,27,tr,sub-24_Run-5_Cond-1_RepCond-2_Vol-4-30-27.nii.gz
sub-24,5,2,1,1,27,27,tr,sub-24_Run-5_Cond-2_RepCond-1_Vol-1-27-27.nii.gz
sub-24,5,2,2,3,29,27,tr,sub-24_Run-5_Cond-2_RepCond-2_Vol-3-29-27.nii.gz
sub-24,5,3,1,1,27,27,tr,sub-24_Run-5_Cond-3_RepCond-1_Vol-1-27-27.nii.gz
sub-24,5,3,2,1,27,27,tr,sub-24_Run-5_Cond-3_RepCond-2_Vol-1-27-27.nii.gz
sub-24,5,4,1,1,27,27,tr,sub-24_Run-5_Cond-4_RepCond-1_Vol-1-27-27.nii.gz
sub-24,5,4,2,2,28,27,tr,sub-24_Run-5_Cond-4_RepCond-2_Vol-2-28-27.nii.gz